CellLine,DrugName,GR_AOC
HCC1806,Abemaciclib/LY2835219,0.39211999999999997
HCC1806,Palbociclib/PD0332991,0.14604
HCC1806,AZD7762,0.88969
HCC1806,Volasertib/BI6727,0.72624
HCC1806,Dinaciclib/SCH727965,0.64393
HCC1806,Cisplatin,0.32306
HCC1806,Doxorubicin,0.6280600000000001
HCC1806,Paclitaxel,0.83975
HCC1806,Topotecan,1.0747
HCC1806,Etoposide,0.649
HCC1806,Dasatinib,0.62973
HCC1806,Trametinib/GSK1120212,0.10855999999999999
HCC1806,Saracatinib/AZD0530,0.23364000000000001
HCC1806,ABT-737,-0.0285
HCC1806,Vorinostat,0.23970999999999998
HCC1806,Luminespib/NVP-AUY922,0.5413
HCC1806,A-1210477,-0.0077929
HCC1806,Olaparib/AZD2281,0.09529
HCC1806,Bleomycin,0.12064000000000001
HCC1806,Ipatasertib/GDC0068,0.014477
HCC1806,Alpelisib/BYL719,0.038596
HCC1806,Taselisib/GDC0032,0.25831
HCC1806,TGX221,-0.015444
HCC1806,Torin2,0.38766
HCC1806,Everolimus,0.19722
HCC1806,INK128/MLN0128,0.38946
HCC1806,PF-4708671,-0.020694999999999998
HCC1806,Buparlisib/NVP-BKM120,0.30509000000000003
HCC1806,Pictilisib/GDC0941,0.11784000000000001
HCC1806,Ceritinib/LDK378,0.17661
HCC1806,Neratinib/HKI272,0.19272999999999998
HCC1806,Tivantinib/ARQ197,0.44643999999999995
HCC1806,Cediranib/AZD2171,0.064497
HCC1806,Cabozantinib,-0.0025087
HS578T,Abemaciclib/LY2835219,0.63432
HS578T,Palbociclib/PD0332991,0.31954
HS578T,AZD7762,0.86461
HS578T,Volasertib/BI6727,0.8198
HS578T,Dinaciclib/SCH727965,0.6160399999999999
HS578T,Cisplatin,0.23473000000000002
HS578T,Doxorubicin,0.80067
HS578T,Paclitaxel,0.95345
HS578T,Topotecan,1.0175
HS578T,Etoposide,0.37698000000000004
HS578T,Dasatinib,0.71028
HS578T,Trametinib/GSK1120212,0.49068999999999996
HS578T,Saracatinib/AZD0530,0.15938
HS578T,ABT-737,0.026044
HS578T,Vorinostat,0.27278
HS578T,Luminespib/NVP-AUY922,0.66986
HS578T,A-1210477,-0.0064896
HS578T,Olaparib/AZD2281,0.099703
HS578T,Bleomycin,0.44622
HS578T,Ipatasertib/GDC0068,0.2458
HS578T,Alpelisib/BYL719,0.09045800000000001
HS578T,Taselisib/GDC0032,0.37364
HS578T,TGX221,0.066834
HS578T,Torin2,0.56833
HS578T,Everolimus,0.52725
HS578T,INK128/MLN0128,0.62264
HS578T,PF-4708671,0.025204
HS578T,Buparlisib/NVP-BKM120,0.37603000000000003
HS578T,Pictilisib/GDC0941,0.31088000000000005
HS578T,Ceritinib/LDK378,0.30524
HS578T,Neratinib/HKI272,0.20252
HS578T,Tivantinib/ARQ197,0.44114
HS578T,Cediranib/AZD2171,0.39373
HS578T,Cabozantinib,0.13348
MCF10A,Abemaciclib/LY2835219,0.38109
MCF10A,Palbociclib/PD0332991,0.18834
MCF10A,AZD7762,0.22455
MCF10A,Volasertib/BI6727,0.44659
MCF10A,Dinaciclib/SCH727965,0.52792
MCF10A,Cisplatin,0.095182
MCF10A,Doxorubicin,0.65489
MCF10A,Paclitaxel,0.70234
MCF10A,Topotecan,0.7652800000000001
MCF10A,Etoposide,0.41553999999999996
MCF10A,Dasatinib,0.33852
MCF10A,Trametinib/GSK1120212,0.52657
MCF10A,Saracatinib/AZD0530,0.12468
MCF10A,ABT-737,0.01043
MCF10A,Vorinostat,0.16754000000000002
MCF10A,Luminespib/NVP-AUY922,0.61311
MCF10A,A-1210477,0.0017612
MCF10A,Olaparib/AZD2281,0.040781
MCF10A,Bleomycin,0.44903000000000004
MCF10A,Ipatasertib/GDC0068,0.059989999999999995
MCF10A,Alpelisib/BYL719,0.11257
MCF10A,Taselisib/GDC0032,0.48438000000000003
MCF10A,TGX221,0.005034
MCF10A,Torin2,0.33678
MCF10A,Everolimus,0.11302999999999999
MCF10A,INK128/MLN0128,0.46734
MCF10A,PF-4708671,0.047469
MCF10A,Buparlisib/NVP-BKM120,0.24934
MCF10A,Pictilisib/GDC0941,0.26225
MCF10A,Ceritinib/LDK378,0.1843
MCF10A,Neratinib/HKI272,0.34426999999999996
MCF10A,Tivantinib/ARQ197,0.45093999999999995
MCF10A,Cediranib/AZD2171,0.030976
MCF10A,Cabozantinib,-0.011444
MCF7,Abemaciclib/LY2835219,0.70181
MCF7,Palbociclib/PD0332991,0.34605
MCF7,AZD7762,0.59767
MCF7,Volasertib/BI6727,0.6070300000000001
MCF7,Dinaciclib/SCH727965,0.6441
MCF7,Cisplatin,0.06312899999999999
MCF7,Doxorubicin,0.63632
MCF7,Paclitaxel,0.7722
MCF7,Topotecan,0.8540000000000001
MCF7,Etoposide,0.49918999999999997
MCF7,Dasatinib,0.48289
MCF7,Trametinib/GSK1120212,0.27666
MCF7,Saracatinib/AZD0530,0.32234
MCF7,ABT-737,0.014593
MCF7,Vorinostat,0.34939000000000003
MCF7,Luminespib/NVP-AUY922,0.51321
MCF7,A-1210477,-0.00023399
MCF7,Olaparib/AZD2281,0.055386000000000005
MCF7,Bleomycin,0.5554399999999999
MCF7,Ipatasertib/GDC0068,0.25969000000000003
MCF7,Alpelisib/BYL719,0.32587
MCF7,Taselisib/GDC0032,0.76765
MCF7,TGX221,-0.006766599999999999
MCF7,Torin2,0.6026699999999999
MCF7,Everolimus,0.56433
MCF7,INK128/MLN0128,0.7258399999999999
MCF7,PF-4708671,0.0586
MCF7,Buparlisib/NVP-BKM120,0.50353
MCF7,Pictilisib/GDC0941,0.50572
MCF7,Ceritinib/LDK378,0.45661
MCF7,Neratinib/HKI272,0.14205
MCF7,Tivantinib/ARQ197,0.4534
MCF7,Cediranib/AZD2171,0.075794
MCF7,Cabozantinib,0.10693
MDAMB231,Abemaciclib/LY2835219,0.67543
MDAMB231,Palbociclib/PD0332991,0.34692
MDAMB231,AZD7762,0.53796
MDAMB231,Volasertib/BI6727,0.5873
MDAMB231,Dinaciclib/SCH727965,0.66272
MDAMB231,Cisplatin,0.14995999999999998
MDAMB231,Doxorubicin,0.81791
MDAMB231,Paclitaxel,0.70206
MDAMB231,Topotecan,0.70438
MDAMB231,Etoposide,0.29779
MDAMB231,Dasatinib,0.64747
MDAMB231,Trametinib/GSK1120212,0.72241
MDAMB231,Saracatinib/AZD0530,0.26871
MDAMB231,ABT-737,0.16157
MDAMB231,Vorinostat,0.28212
MDAMB231,Luminespib/NVP-AUY922,0.6451600000000001
MDAMB231,A-1210477,0.051855
MDAMB231,Olaparib/AZD2281,0.058113
MDAMB231,Bleomycin,0.132
MDAMB231,Ipatasertib/GDC0068,0.0072675
MDAMB231,Alpelisib/BYL719,0.089516
MDAMB231,Taselisib/GDC0032,0.25399
MDAMB231,TGX221,0.015406
MDAMB231,Torin2,0.38558000000000003
MDAMB231,Everolimus,0.22455
MDAMB231,INK128/MLN0128,0.48596000000000006
MDAMB231,PF-4708671,0.010539
MDAMB231,Buparlisib/NVP-BKM120,0.27505
MDAMB231,Pictilisib/GDC0941,0.20618000000000003
MDAMB231,Ceritinib/LDK378,0.34439000000000003
MDAMB231,Neratinib/HKI272,0.10555999999999999
MDAMB231,Tivantinib/ARQ197,0.33301
MDAMB231,Cediranib/AZD2171,0.11604
MDAMB231,Cabozantinib,0.1413
SKBR3,Abemaciclib/LY2835219,0.5362899999999999
SKBR3,Palbociclib/PD0332991,0.28491
SKBR3,AZD7762,0.9022700000000001
SKBR3,Volasertib/BI6727,0.70444
SKBR3,Dinaciclib/SCH727965,0.83615
SKBR3,Cisplatin,0.097787
SKBR3,Doxorubicin,0.94206
SKBR3,Paclitaxel,0.8905
SKBR3,Topotecan,0.79408
SKBR3,Etoposide,0.40396
SKBR3,Dasatinib,0.061664
SKBR3,Trametinib/GSK1120212,0.18165
SKBR3,Saracatinib/AZD0530,0.022136000000000003
SKBR3,ABT-737,-0.014750999999999998
SKBR3,Vorinostat,0.36372
SKBR3,Luminespib/NVP-AUY922,0.71396
SKBR3,A-1210477,0.038938
SKBR3,Olaparib/AZD2281,0.042869
SKBR3,Bleomycin,0.26042
SKBR3,Ipatasertib/GDC0068,0.15533
SKBR3,Alpelisib/BYL719,0.37882
SKBR3,Taselisib/GDC0032,0.80683
SKBR3,TGX221,-0.008415
SKBR3,Torin2,0.73375
SKBR3,Everolimus,0.79443
SKBR3,INK128/MLN0128,0.9712200000000001
SKBR3,PF-4708671,0.021418
SKBR3,Buparlisib/NVP-BKM120,0.58453
SKBR3,Pictilisib/GDC0941,0.51202
SKBR3,Ceritinib/LDK378,0.31743000000000005
SKBR3,Neratinib/HKI272,0.89092
SKBR3,Tivantinib/ARQ197,0.48303999999999997
SKBR3,Cediranib/AZD2171,0.075474
SKBR3,Cabozantinib,0.0012758
BT20,Abemaciclib/LY2835219,0.5693600000000001
BT20,Palbociclib/PD0332991,0.39716
BT20,AZD7762,0.28308
BT20,Volasertib/BI6727,0.79038
BT20,Dinaciclib/SCH727965,0.67907
BT20,Cisplatin,0.33381
BT20,Doxorubicin,0.8279200000000001
BT20,Paclitaxel,0.9854299999999999
BT20,Topotecan,1.0284
BT20,Etoposide,0.45908999999999994
BT20,Dasatinib,0.32887
BT20,Trametinib/GSK1120212,0.17679
BT20,Saracatinib/AZD0530,0.15907000000000002
BT20,ABT-737,0.025001
BT20,Vorinostat,0.16104000000000002
BT20,Luminespib/NVP-AUY922,0.56205
BT20,A-1210477,-0.026225
BT20,Olaparib/AZD2281,0.06565900000000001
BT20,Bleomycin,0.37639
BT20,Ipatasertib/GDC0068,0.31108
BT20,Alpelisib/BYL719,0.20138
BT20,Taselisib/GDC0032,0.7363
BT20,TGX221,-0.04145
BT20,Torin2,0.5364899999999999
BT20,Everolimus,0.59317
BT20,INK128/MLN0128,0.5675100000000001
BT20,PF-4708671,0.012944999999999998
BT20,Buparlisib/NVP-BKM120,0.36621
BT20,Pictilisib/GDC0941,0.29601
BT20,Ceritinib/LDK378,0.25913
BT20,Neratinib/HKI272,0.14959
BT20,Tivantinib/ARQ197,0.41834
BT20,Cediranib/AZD2171,0.038261
BT20,Cabozantinib,0.056611
BT549,Abemaciclib/LY2835219,0.12671
BT549,Palbociclib/PD0332991,-0.040145
BT549,AZD7762,0.63561
BT549,Volasertib/BI6727,0.5676100000000001
BT549,Dinaciclib/SCH727965,0.59127
BT549,Cisplatin,0.28354
BT549,Doxorubicin,0.76025
BT549,Paclitaxel,0.69885
BT549,Topotecan,0.85085
BT549,Etoposide,0.47257
BT549,Dasatinib,0.23855
BT549,Trametinib/GSK1120212,0.12915
BT549,Saracatinib/AZD0530,0.034829
BT549,ABT-737,-0.022462
BT549,Vorinostat,0.18874000000000002
BT549,Luminespib/NVP-AUY922,0.61234
BT549,A-1210477,0.0082744
BT549,Olaparib/AZD2281,0.065666
BT549,Bleomycin,0.46666
BT549,Ipatasertib/GDC0068,0.17348
BT549,Alpelisib/BYL719,0.032224
BT549,Taselisib/GDC0032,0.22289
BT549,TGX221,0.05678300000000001
BT549,Torin2,0.49053
BT549,Everolimus,0.43861000000000006
BT549,INK128/MLN0128,0.53394
BT549,PF-4708671,-0.006995100000000001
BT549,Buparlisib/NVP-BKM120,0.24871
BT549,Pictilisib/GDC0941,0.2083
BT549,Ceritinib/LDK378,0.14159000000000002
BT549,Neratinib/HKI272,0.080036
BT549,Tivantinib/ARQ197,0.34723000000000004
BT549,Cediranib/AZD2171,0.14972
BT549,Cabozantinib,0.01241
HCC38,Abemaciclib/LY2835219,0.64044
HCC38,Palbociclib/PD0332991,0.37215
HCC38,AZD7762,0.91851
HCC38,Volasertib/BI6727,0.60007
HCC38,Dinaciclib/SCH727965,0.63256
HCC38,Cisplatin,0.2567
HCC38,Doxorubicin,0.7803
HCC38,Paclitaxel,0.84324
HCC38,Topotecan,1.0724
HCC38,Etoposide,0.44943999999999995
HCC38,Dasatinib,0.14526
HCC38,Trametinib/GSK1120212,0.20755
HCC38,Saracatinib/AZD0530,0.10132000000000001
HCC38,ABT-737,0.29625999999999997
HCC38,Vorinostat,0.2909
HCC38,Luminespib/NVP-AUY922,0.62953
HCC38,A-1210477,0.015087
HCC38,Olaparib/AZD2281,0.071907
HCC38,Bleomycin,0.48522
HCC38,Ipatasertib/GDC0068,0.12252
HCC38,Alpelisib/BYL719,0.044032999999999996
HCC38,Taselisib/GDC0032,0.20179
HCC38,TGX221,-0.024627
HCC38,Torin2,0.53828
HCC38,Everolimus,0.48653
HCC38,INK128/MLN0128,0.53606
HCC38,PF-4708671,-0.025774000000000002
HCC38,Buparlisib/NVP-BKM120,0.2554
HCC38,Pictilisib/GDC0941,0.11822
HCC38,Ceritinib/LDK378,0.21844
HCC38,Neratinib/HKI272,0.10192000000000001
HCC38,Tivantinib/ARQ197,0.43667
HCC38,Cediranib/AZD2171,0.20958000000000002
HCC38,Cabozantinib,0.037639
HCC70,Abemaciclib/LY2835219,0.23148000000000002
HCC70,Palbociclib/PD0332991,-0.028096
HCC70,AZD7762,0.8995299999999999
HCC70,Volasertib/BI6727,0.6421100000000001
HCC70,Dinaciclib/SCH727965,0.8338
HCC70,Cisplatin,0.26503000000000004
HCC70,Doxorubicin,0.78667
HCC70,Paclitaxel,0.97726
HCC70,Topotecan,1.0593
HCC70,Etoposide,0.45347
HCC70,Dasatinib,1.0609
HCC70,Trametinib/GSK1120212,0.6924
HCC70,Saracatinib/AZD0530,0.5795100000000001
HCC70,ABT-737,0.15622
HCC70,Vorinostat,0.40815
HCC70,Luminespib/NVP-AUY922,0.77922
HCC70,A-1210477,0.005425999999999999
HCC70,Olaparib/AZD2281,0.023224
HCC70,Bleomycin,0.41923
HCC70,Ipatasertib/GDC0068,0.49743000000000004
HCC70,Alpelisib/BYL719,0.11815
HCC70,Taselisib/GDC0032,0.5795899999999999
HCC70,TGX221,0.47288
HCC70,Torin2,0.6450600000000001
HCC70,Everolimus,0.47644
HCC70,INK128/MLN0128,0.70244
HCC70,PF-4708671,-0.022695
HCC70,Buparlisib/NVP-BKM120,0.46135
HCC70,Pictilisib/GDC0941,0.5726399999999999
HCC70,Ceritinib/LDK378,0.13790999999999998
HCC70,Neratinib/HKI272,0.31783
HCC70,Tivantinib/ARQ197,0.49683
HCC70,Cediranib/AZD2171,0.088973
HCC70,Cabozantinib,0.26577
PDX1258,Abemaciclib/LY2835219,0.33498
PDX1258,Palbociclib/PD0332991,-0.047869
PDX1258,AZD7762,0.91991
PDX1258,Volasertib/BI6727,0.56016
PDX1258,Dinaciclib/SCH727965,0.7036100000000001
PDX1258,Cisplatin,0.15554
PDX1258,Doxorubicin,0.7539600000000001
PDX1258,Paclitaxel,0.6797
PDX1258,Topotecan,0.86734
PDX1258,Etoposide,0.3942
PDX1258,Dasatinib,0.71427
PDX1258,Trametinib/GSK1120212,0.042358
PDX1258,Saracatinib/AZD0530,0.27698
PDX1258,ABT-737,0.012351
PDX1258,Vorinostat,0.21126
PDX1258,Luminespib/NVP-AUY922,0.6100800000000001
PDX1258,A-1210477,-0.0033746
PDX1258,Olaparib/AZD2281,0.028706
PDX1258,Bleomycin,0.29462
PDX1258,Ipatasertib/GDC0068,0.15558
PDX1258,Alpelisib/BYL719,0.05889199999999999
PDX1258,Taselisib/GDC0032,0.27768000000000004
PDX1258,TGX221,-0.032796
PDX1258,Torin2,0.36366
PDX1258,Everolimus,0.3069
PDX1258,INK128/MLN0128,0.4558
PDX1258,PF-4708671,0.010085
PDX1258,Buparlisib/NVP-BKM120,0.25163
PDX1258,Pictilisib/GDC0941,0.22979000000000002
PDX1258,Ceritinib/LDK378,0.21652
PDX1258,Neratinib/HKI272,0.16138
PDX1258,Tivantinib/ARQ197,0.38338
PDX1258,Cediranib/AZD2171,0.07441
PDX1258,Cabozantinib,0.024394
PDX1328,Abemaciclib/LY2835219,0.8679899999999999
PDX1328,Palbociclib/PD0332991,0.42894
PDX1328,AZD7762,0.8326399999999999
PDX1328,Volasertib/BI6727,0.96935
PDX1328,Dinaciclib/SCH727965,0.7518699999999999
PDX1328,Cisplatin,0.31539
PDX1328,Doxorubicin,0.8023
PDX1328,Paclitaxel,0.9047299999999999
PDX1328,Topotecan,1.072
PDX1328,Etoposide,0.35022
PDX1328,Dasatinib,0.69291
PDX1328,Trametinib/GSK1120212,0.33488
PDX1328,Saracatinib/AZD0530,0.32556
PDX1328,ABT-737,0.35475999999999996
PDX1328,Vorinostat,0.45966999999999997
PDX1328,Luminespib/NVP-AUY922,0.86966
PDX1328,A-1210477,0.06092
PDX1328,Olaparib/AZD2281,0.026777999999999996
PDX1328,Bleomycin,0.19944
PDX1328,Ipatasertib/GDC0068,0.13226
PDX1328,Alpelisib/BYL719,0.37351
PDX1328,Taselisib/GDC0032,0.7440399999999999
PDX1328,TGX221,0.011552
PDX1328,Torin2,0.7186600000000001
PDX1328,Everolimus,0.69018
PDX1328,INK128/MLN0128,0.80982
PDX1328,PF-4708671,0.074441
PDX1328,Buparlisib/NVP-BKM120,0.5596300000000001
PDX1328,Pictilisib/GDC0941,0.43846999999999997
PDX1328,Ceritinib/LDK378,0.55361
PDX1328,Neratinib/HKI272,0.42538000000000004
PDX1328,Tivantinib/ARQ197,0.57039
PDX1328,Cediranib/AZD2171,0.37644
PDX1328,Cabozantinib,0.23655
MDAMB134,Abemaciclib/LY2835219,0.57215
MDAMB134,Palbociclib/PD0332991,0.5339
MDAMB134,AZD7762,0.6552
MDAMB134,Volasertib/BI6727,1.026
MDAMB134,Dinaciclib/SCH727965,0.74524
MDAMB134,Cisplatin,0.07194
MDAMB134,Doxorubicin,1.1481
MDAMB134,Paclitaxel,1.3004
MDAMB134,Topotecan,1.0405
MDAMB134,Etoposide,0.66346
MDAMB134,Dasatinib,-0.028877
MDAMB134,Trametinib/GSK1120212,0.7601
MDAMB134,Saracatinib/AZD0530,-0.05
MDAMB134,ABT-737,0.26293
MDAMB134,Vorinostat,0.17482999999999999
MDAMB134,Luminespib/NVP-AUY922,0.9424
MDAMB134,A-1210477,-0.036599
MDAMB134,Olaparib/AZD2281,0.014525999999999999
MDAMB134,Bleomycin,0.27339
MDAMB134,Ipatasertib/GDC0068,0.015000999999999999
MDAMB134,Alpelisib/BYL719,0.06246
MDAMB134,Taselisib/GDC0032,0.38831
MDAMB134,TGX221,-0.038056
MDAMB134,Torin2,0.89345
MDAMB134,Everolimus,1.1669
MDAMB134,INK128/MLN0128,1.2003
MDAMB134,PF-4708671,-0.028699000000000002
MDAMB134,Buparlisib/NVP-BKM120,0.64323
MDAMB134,Pictilisib/GDC0941,0.17747000000000002
MDAMB134,Ceritinib/LDK378,0.6653899999999999
MDAMB134,Neratinib/HKI272,0.080715
MDAMB134,Tivantinib/ARQ197,0.6505
MDAMB134,Cediranib/AZD2171,0.097737
MDAMB134,Cabozantinib,-0.016730000000000002
MDAMB157,Abemaciclib/LY2835219,0.26865
MDAMB157,Palbociclib/PD0332991,0.0019414000000000002
MDAMB157,AZD7762,0.9839899999999999
MDAMB157,Volasertib/BI6727,0.8547
MDAMB157,Dinaciclib/SCH727965,0.76751
MDAMB157,Cisplatin,0.11684000000000001
MDAMB157,Doxorubicin,0.96614
MDAMB157,Paclitaxel,0.9481799999999999
MDAMB157,Topotecan,1.0843
MDAMB157,Etoposide,0.60915
MDAMB157,Dasatinib,0.51815
MDAMB157,Trametinib/GSK1120212,0.30101
MDAMB157,Saracatinib/AZD0530,0.16969
MDAMB157,ABT-737,0.058168
MDAMB157,Vorinostat,0.29801
MDAMB157,Luminespib/NVP-AUY922,0.61459
MDAMB157,A-1210477,0.0063381
MDAMB157,Olaparib/AZD2281,0.11494000000000001
MDAMB157,Bleomycin,0.28097
MDAMB157,Ipatasertib/GDC0068,0.081307
MDAMB157,Alpelisib/BYL719,0.10413
MDAMB157,Taselisib/GDC0032,0.3387
MDAMB157,TGX221,0.00061371
MDAMB157,Torin2,0.40963999999999995
MDAMB157,Everolimus,0.39404
MDAMB157,INK128/MLN0128,0.5140600000000001
MDAMB157,PF-4708671,0.1302
MDAMB157,Buparlisib/NVP-BKM120,0.30158
MDAMB157,Pictilisib/GDC0941,0.25829
MDAMB157,Ceritinib/LDK378,0.46003
MDAMB157,Neratinib/HKI272,0.19091
MDAMB157,Tivantinib/ARQ197,0.38841
MDAMB157,Cediranib/AZD2171,0.34895
MDAMB157,Cabozantinib,0.21011999999999997
MDAMB361,Abemaciclib/LY2835219,0.82791
MDAMB361,Palbociclib/PD0332991,0.48221
MDAMB361,AZD7762,1.0533
MDAMB361,Volasertib/BI6727,0.82042
MDAMB361,Dinaciclib/SCH727965,0.6004
MDAMB361,Cisplatin,0.18091
MDAMB361,Doxorubicin,0.9125200000000001
MDAMB361,Paclitaxel,0.9737600000000001
MDAMB361,Topotecan,1.1276
MDAMB361,Etoposide,0.34323000000000004
MDAMB361,Dasatinib,0.35128000000000004
MDAMB361,Trametinib/GSK1120212,0.21909
MDAMB361,Saracatinib/AZD0530,0.4058
MDAMB361,ABT-737,-0.006659899999999999
MDAMB361,Vorinostat,0.46074
MDAMB361,Luminespib/NVP-AUY922,0.9781
MDAMB361,A-1210477,-0.0082992
MDAMB361,Olaparib/AZD2281,0.10379000000000001
MDAMB361,Bleomycin,0.36068
MDAMB361,Ipatasertib/GDC0068,0.45483999999999997
MDAMB361,Alpelisib/BYL719,0.53225
MDAMB361,Taselisib/GDC0032,1.4103
MDAMB361,TGX221,-0.033607
MDAMB361,Torin2,0.8688600000000001
MDAMB361,Everolimus,0.84965
MDAMB361,INK128/MLN0128,1.0956
MDAMB361,PF-4708671,0.068392
MDAMB361,Buparlisib/NVP-BKM120,0.61139
MDAMB361,Pictilisib/GDC0941,0.71609
MDAMB361,Ceritinib/LDK378,0.5461600000000001
MDAMB361,Neratinib/HKI272,0.42458
MDAMB361,Tivantinib/ARQ197,0.5161
MDAMB361,Cediranib/AZD2171,0.28954
MDAMB361,Cabozantinib,0.062765
MDAMB436,Abemaciclib/LY2835219,0.18967
MDAMB436,Palbociclib/PD0332991,-0.034315
MDAMB436,AZD7762,0.65657
MDAMB436,Volasertib/BI6727,0.66159
MDAMB436,Dinaciclib/SCH727965,0.49025
MDAMB436,Cisplatin,0.36055
MDAMB436,Doxorubicin,0.70606
MDAMB436,Paclitaxel,0.7083
MDAMB436,Topotecan,0.8768299999999999
MDAMB436,Etoposide,0.43475
MDAMB436,Dasatinib,0.10224
MDAMB436,Trametinib/GSK1120212,0.182
MDAMB436,Saracatinib/AZD0530,0.038488999999999995
MDAMB436,ABT-737,0.0064122
MDAMB436,Vorinostat,0.16321
MDAMB436,Luminespib/NVP-AUY922,0.63264
MDAMB436,A-1210477,0.014044
MDAMB436,Olaparib/AZD2281,0.30498000000000003
MDAMB436,Bleomycin,0.3092
MDAMB436,Ipatasertib/GDC0068,0.10378
MDAMB436,Alpelisib/BYL719,0.055215
MDAMB436,Taselisib/GDC0032,0.17355
MDAMB436,TGX221,0.0019402
MDAMB436,Torin2,0.33899999999999997
MDAMB436,Everolimus,0.31444
MDAMB436,INK128/MLN0128,0.42946999999999996
MDAMB436,PF-4708671,0.09184400000000001
MDAMB436,Buparlisib/NVP-BKM120,0.29251
MDAMB436,Pictilisib/GDC0941,0.13278
MDAMB436,Ceritinib/LDK378,0.41685
MDAMB436,Neratinib/HKI272,0.18792999999999999
MDAMB436,Tivantinib/ARQ197,0.42153999999999997
MDAMB436,Cediranib/AZD2171,0.16097
MDAMB436,Cabozantinib,0.05915
MDAMB453,Abemaciclib/LY2835219,0.84951
MDAMB453,Palbociclib/PD0332991,0.44018999999999997
MDAMB453,AZD7762,0.85636
MDAMB453,Volasertib/BI6727,0.53499
MDAMB453,Dinaciclib/SCH727965,0.5806899999999999
MDAMB453,Cisplatin,0.093797
MDAMB453,Doxorubicin,0.7914899999999999
MDAMB453,Paclitaxel,0.66738
MDAMB453,Topotecan,0.9258
MDAMB453,Etoposide,0.36576
MDAMB453,Dasatinib,0.077591
MDAMB453,Trametinib/GSK1120212,0.3253
MDAMB453,Saracatinib/AZD0530,0.063448
MDAMB453,ABT-737,0.022661
MDAMB453,Vorinostat,0.32908000000000004
MDAMB453,Luminespib/NVP-AUY922,0.88025
MDAMB453,A-1210477,-0.03642
MDAMB453,Olaparib/AZD2281,0.24143
MDAMB453,Bleomycin,0.21236
MDAMB453,Ipatasertib/GDC0068,0.31438
MDAMB453,Alpelisib/BYL719,0.35319
MDAMB453,Taselisib/GDC0032,1.0079
MDAMB453,TGX221,-0.028063
MDAMB453,Torin2,0.6934100000000001
MDAMB453,Everolimus,0.8878799999999999
MDAMB453,INK128/MLN0128,0.7631100000000001
MDAMB453,PF-4708671,0.041750999999999996
MDAMB453,Buparlisib/NVP-BKM120,0.34421
MDAMB453,Pictilisib/GDC0941,0.39237
MDAMB453,Ceritinib/LDK378,0.48402
MDAMB453,Neratinib/HKI272,0.5532100000000001
MDAMB453,Tivantinib/ARQ197,0.41821
MDAMB453,Cediranib/AZD2171,0.15686
MDAMB453,Cabozantinib,-0.0044588
MDAMB468,Abemaciclib/LY2835219,0.17664000000000002
MDAMB468,Palbociclib/PD0332991,-0.021427
MDAMB468,AZD7762,0.49322
MDAMB468,Volasertib/BI6727,0.92785
MDAMB468,Dinaciclib/SCH727965,0.56812
MDAMB468,Cisplatin,0.28722
MDAMB468,Doxorubicin,0.91212
MDAMB468,Paclitaxel,1.0076
MDAMB468,Topotecan,1.0692
MDAMB468,Etoposide,0.42908999999999997
MDAMB468,Dasatinib,0.14465
MDAMB468,Trametinib/GSK1120212,0.2132
MDAMB468,Saracatinib/AZD0530,0.13881
MDAMB468,ABT-737,0.086012
MDAMB468,Vorinostat,0.21718
MDAMB468,Luminespib/NVP-AUY922,0.64776
MDAMB468,A-1210477,0.020627
MDAMB468,Olaparib/AZD2281,0.057632
MDAMB468,Bleomycin,0.32456
MDAMB468,Ipatasertib/GDC0068,0.22293000000000002
MDAMB468,Alpelisib/BYL719,0.031414
MDAMB468,Taselisib/GDC0032,0.21700999999999998
MDAMB468,TGX221,0.10318
MDAMB468,Torin2,0.43706000000000006
MDAMB468,Everolimus,0.42877
MDAMB468,INK128/MLN0128,0.50249
MDAMB468,PF-4708671,0.11763
MDAMB468,Buparlisib/NVP-BKM120,0.35731999999999997
MDAMB468,Pictilisib/GDC0941,0.20536
MDAMB468,Ceritinib/LDK378,0.40504
MDAMB468,Neratinib/HKI272,0.38611
MDAMB468,Tivantinib/ARQ197,0.49028999999999995
MDAMB468,Cediranib/AZD2171,0.16488
MDAMB468,Cabozantinib,0.044129
CAL51,Abemaciclib/LY2835219,0.5776399999999999
CAL51,Palbociclib/PD0332991,0.2498
CAL51,AZD7762,0.71508
CAL51,Volasertib/BI6727,0.67874
CAL51,Dinaciclib/SCH727965,0.59848
CAL51,Cisplatin,0.21448000000000003
CAL51,Doxorubicin,0.79543
CAL51,Paclitaxel,0.6694100000000001
CAL51,Topotecan,0.85577
CAL51,Etoposide,0.46687
CAL51,Dasatinib,0.51607
CAL51,Trametinib/GSK1120212,0.066176
CAL51,Saracatinib/AZD0530,0.2271
CAL51,ABT-737,0.012525
CAL51,Vorinostat,0.18617
CAL51,Luminespib/NVP-AUY922,0.70426
CAL51,A-1210477,0.0073065
CAL51,Olaparib/AZD2281,0.1163
CAL51,Bleomycin,0.48553999999999997
CAL51,Ipatasertib/GDC0068,0.22376
CAL51,Alpelisib/BYL719,0.14903
CAL51,Taselisib/GDC0032,0.54598
CAL51,TGX221,-0.0094376
CAL51,Torin2,0.45616
CAL51,Everolimus,0.43187
CAL51,INK128/MLN0128,0.55319
CAL51,PF-4708671,0.0491
CAL51,Buparlisib/NVP-BKM120,0.32831
CAL51,Pictilisib/GDC0941,0.18955999999999998
CAL51,Ceritinib/LDK378,0.41721
CAL51,Neratinib/HKI272,0.090975
CAL51,Tivantinib/ARQ197,0.35924
CAL51,Cediranib/AZD2171,0.17104
CAL51,Cabozantinib,0.059774
HCC1395,Abemaciclib/LY2835219,0.56228
HCC1395,Palbociclib/PD0332991,0.28109
HCC1395,AZD7762,0.8845299999999999
HCC1395,Volasertib/BI6727,0.76407
HCC1395,Dinaciclib/SCH727965,0.652
HCC1395,Cisplatin,0.38565
HCC1395,Doxorubicin,0.63697
HCC1395,Paclitaxel,0.83862
HCC1395,Topotecan,1.0761
HCC1395,Etoposide,0.38845999999999997
HCC1395,Dasatinib,0.60178
HCC1395,Trametinib/GSK1120212,0.19027
HCC1395,Saracatinib/AZD0530,0.11807999999999999
HCC1395,ABT-737,-0.00014213
HCC1395,Vorinostat,0.11369000000000001
HCC1395,Luminespib/NVP-AUY922,0.61946
HCC1395,A-1210477,0.00089454
HCC1395,Olaparib/AZD2281,0.25304
HCC1395,Bleomycin,0.607
HCC1395,Ipatasertib/GDC0068,0.27951
HCC1395,Alpelisib/BYL719,0.031904
HCC1395,Taselisib/GDC0032,0.20776
HCC1395,TGX221,0.09501699999999999
HCC1395,Torin2,0.45474
HCC1395,Everolimus,0.55513
HCC1395,INK128/MLN0128,0.55816
HCC1395,PF-4708671,0.019176
HCC1395,Buparlisib/NVP-BKM120,0.30914
HCC1395,Pictilisib/GDC0941,0.22876
HCC1395,Ceritinib/LDK378,0.23634000000000002
HCC1395,Neratinib/HKI272,0.15028
HCC1395,Tivantinib/ARQ197,0.40060999999999997
HCC1395,Cediranib/AZD2171,0.24595
HCC1395,Cabozantinib,0.072202
HCC1419,Abemaciclib/LY2835219,0.43495
HCC1419,Palbociclib/PD0332991,0.2239
HCC1419,AZD7762,0.5614
HCC1419,Volasertib/BI6727,0.3636
HCC1419,Dinaciclib/SCH727965,0.51305
HCC1419,Cisplatin,0.22934000000000002
HCC1419,Doxorubicin,0.5904
HCC1419,Paclitaxel,0.47003999999999996
HCC1419,Topotecan,0.99041
HCC1419,Etoposide,0.32005
HCC1419,Dasatinib,0.3189
HCC1419,Trametinib/GSK1120212,0.28745
HCC1419,Saracatinib/AZD0530,0.2758
HCC1419,ABT-737,0.0021979
HCC1419,Vorinostat,0.1917
HCC1419,Luminespib/NVP-AUY922,0.65055
HCC1419,A-1210477,0.040188999999999996
HCC1419,Olaparib/AZD2281,0.027275
HCC1419,Bleomycin,0.15878
HCC1419,Ipatasertib/GDC0068,0.10711
HCC1419,Alpelisib/BYL719,0.3558
HCC1419,Taselisib/GDC0032,0.85226
HCC1419,TGX221,-0.004868
HCC1419,Torin2,0.63451
HCC1419,Everolimus,0.72415
HCC1419,INK128/MLN0128,0.76351
HCC1419,PF-4708671,0.11168
HCC1419,Buparlisib/NVP-BKM120,0.44991000000000003
HCC1419,Pictilisib/GDC0941,0.51176
HCC1419,Ceritinib/LDK378,0.20833000000000002
HCC1419,Neratinib/HKI272,0.9926799999999999
HCC1419,Tivantinib/ARQ197,0.26181
HCC1419,Cediranib/AZD2171,0.054497000000000004
HCC1419,Cabozantinib,-0.011141
HCC1500,Abemaciclib/LY2835219,0.34521999999999997
HCC1500,Palbociclib/PD0332991,0.15695
HCC1500,AZD7762,0.6218199999999999
HCC1500,Volasertib/BI6727,0.34536999999999995
HCC1500,Dinaciclib/SCH727965,0.6615800000000001
HCC1500,Cisplatin,0.12095
HCC1500,Doxorubicin,0.75178
HCC1500,Paclitaxel,0.61817
HCC1500,Topotecan,1.2171
HCC1500,Etoposide,0.24989
HCC1500,Dasatinib,0.92489
HCC1500,Trametinib/GSK1120212,0.21896999999999997
HCC1500,Saracatinib/AZD0530,0.43638000000000005
HCC1500,ABT-737,1.1288
HCC1500,Vorinostat,0.31729
HCC1500,Luminespib/NVP-AUY922,0.59725
HCC1500,A-1210477,-0.036818000000000004
HCC1500,Olaparib/AZD2281,0.098508
HCC1500,Bleomycin,0.16877
HCC1500,Ipatasertib/GDC0068,-0.031411
HCC1500,Alpelisib/BYL719,0.030216000000000003
HCC1500,Taselisib/GDC0032,0.2303
HCC1500,TGX221,0.085966
HCC1500,Torin2,0.9053200000000001
HCC1500,Everolimus,1.2601
HCC1500,INK128/MLN0128,1.2309
HCC1500,PF-4708671,0.19754000000000002
HCC1500,Buparlisib/NVP-BKM120,0.53508
HCC1500,Pictilisib/GDC0941,0.21081999999999998
HCC1500,Ceritinib/LDK378,0.29878000000000005
HCC1500,Neratinib/HKI272,0.18517999999999998
HCC1500,Tivantinib/ARQ197,0.51088
HCC1500,Cediranib/AZD2171,0.13035
HCC1500,Cabozantinib,0.059865999999999996
HCC1937,Abemaciclib/LY2835219,0.10624000000000001
HCC1937,Palbociclib/PD0332991,-0.040626999999999996
HCC1937,AZD7762,0.48807
HCC1937,Volasertib/BI6727,0.49675
HCC1937,Dinaciclib/SCH727965,0.48218
HCC1937,Cisplatin,0.32661999999999997
HCC1937,Doxorubicin,0.57897
HCC1937,Paclitaxel,0.65761
HCC1937,Topotecan,0.83686
HCC1937,Etoposide,0.39319
HCC1937,Dasatinib,0.44151
HCC1937,Trametinib/GSK1120212,0.13838
HCC1937,Saracatinib/AZD0530,0.03924
HCC1937,ABT-737,0.08493400000000001
HCC1937,Vorinostat,0.19328
HCC1937,Luminespib/NVP-AUY922,0.54783
HCC1937,A-1210477,0.0059556
HCC1937,Olaparib/AZD2281,0.058441
HCC1937,Bleomycin,0.41572
HCC1937,Ipatasertib/GDC0068,0.15646
HCC1937,Alpelisib/BYL719,0.050107
HCC1937,Taselisib/GDC0032,0.27708
HCC1937,TGX221,0.020179
HCC1937,Torin2,0.29102
HCC1937,Everolimus,0.33476
HCC1937,INK128/MLN0128,0.36935999999999997
HCC1937,PF-4708671,0.039025
HCC1937,Buparlisib/NVP-BKM120,0.26341
HCC1937,Pictilisib/GDC0941,0.21098000000000003
HCC1937,Ceritinib/LDK378,0.13677
HCC1937,Neratinib/HKI272,0.1711
HCC1937,Tivantinib/ARQ197,0.29253
HCC1937,Cediranib/AZD2171,0.044042000000000005
HCC1937,Cabozantinib,0.0053395000000000005
HCC1954,Abemaciclib/LY2835219,0.45778
HCC1954,Palbociclib/PD0332991,0.18392
HCC1954,AZD7762,0.5593
HCC1954,Volasertib/BI6727,0.6138899999999999
HCC1954,Dinaciclib/SCH727965,0.64105
HCC1954,Cisplatin,0.27469
HCC1954,Doxorubicin,0.72963
HCC1954,Paclitaxel,0.8346600000000001
HCC1954,Topotecan,0.86945
HCC1954,Etoposide,0.50147
HCC1954,Dasatinib,0.20264000000000001
HCC1954,Trametinib/GSK1120212,0.40046
HCC1954,Saracatinib/AZD0530,0.19391
HCC1954,ABT-737,0.040422
HCC1954,Vorinostat,0.23389000000000001
HCC1954,Luminespib/NVP-AUY922,0.61879
HCC1954,A-1210477,-0.025873
HCC1954,Olaparib/AZD2281,0.053610000000000005
HCC1954,Bleomycin,0.6166
HCC1954,Ipatasertib/GDC0068,0.21449000000000001
HCC1954,Alpelisib/BYL719,0.26523
HCC1954,Taselisib/GDC0032,0.94901
HCC1954,TGX221,-0.037435
HCC1954,Torin2,0.55356
HCC1954,Everolimus,0.65305
HCC1954,INK128/MLN0128,0.56509
HCC1954,PF-4708671,-0.009276399999999999
HCC1954,Buparlisib/NVP-BKM120,0.40024
HCC1954,Pictilisib/GDC0941,0.30871
HCC1954,Ceritinib/LDK378,0.1668
HCC1954,Neratinib/HKI272,0.42932
HCC1954,Tivantinib/ARQ197,0.55106
HCC1954,Cediranib/AZD2171,0.075587
HCC1954,Cabozantinib,-0.013548
CAL120,Abemaciclib/LY2835219,0.47798
CAL120,Palbociclib/PD0332991,0.14217
CAL120,AZD7762,0.5265
CAL120,Volasertib/BI6727,0.67581
CAL120,Dinaciclib/SCH727965,0.55494
CAL120,Cisplatin,0.18238
CAL120,Doxorubicin,0.69688
CAL120,Paclitaxel,0.74634
CAL120,Topotecan,0.9129999999999999
CAL120,Etoposide,0.38101999999999997
CAL120,Dasatinib,0.51928
CAL120,Trametinib/GSK1120212,0.29375999999999997
CAL120,Saracatinib/AZD0530,0.17299
CAL120,ABT-737,0.19984000000000002
CAL120,Vorinostat,0.24085
CAL120,Luminespib/NVP-AUY922,0.69328
CAL120,A-1210477,0.015227000000000001
CAL120,Olaparib/AZD2281,0.14274
CAL120,Bleomycin,0.23201
CAL120,Ipatasertib/GDC0068,0.12974000000000002
CAL120,Alpelisib/BYL719,0.092235
CAL120,Taselisib/GDC0032,0.23494
CAL120,TGX221,-0.016812
CAL120,Torin2,0.48718999999999996
CAL120,Everolimus,0.41631
CAL120,INK128/MLN0128,0.60177
CAL120,PF-4708671,0.013855000000000001
CAL120,Buparlisib/NVP-BKM120,0.33934000000000003
CAL120,Pictilisib/GDC0941,0.25495999999999996
CAL120,Ceritinib/LDK378,0.33658000000000005
CAL120,Neratinib/HKI272,0.22375
CAL120,Tivantinib/ARQ197,0.46492
CAL120,Cediranib/AZD2171,0.29894
CAL120,Cabozantinib,0.08475
CAL851,Abemaciclib/LY2835219,0.23568000000000003
CAL851,Palbociclib/PD0332991,-0.041821
CAL851,AZD7762,0.7075600000000001
CAL851,Volasertib/BI6727,0.73163
CAL851,Dinaciclib/SCH727965,0.68804
CAL851,Cisplatin,0.22941999999999999
CAL851,Doxorubicin,0.84755
CAL851,Paclitaxel,0.79309
CAL851,Topotecan,0.84259
CAL851,Etoposide,0.40651
CAL851,Dasatinib,0.57045
CAL851,Trametinib/GSK1120212,0.41013999999999995
CAL851,Saracatinib/AZD0530,0.21714
CAL851,ABT-737,-0.028295999999999998
CAL851,Vorinostat,0.21939
CAL851,Luminespib/NVP-AUY922,0.74966
CAL851,A-1210477,0.010916
CAL851,Olaparib/AZD2281,0.13668
CAL851,Bleomycin,0.38498000000000004
CAL851,Ipatasertib/GDC0068,0.16615
CAL851,Alpelisib/BYL719,0.19375
CAL851,Taselisib/GDC0032,0.54991
CAL851,TGX221,-0.030889999999999997
CAL851,Torin2,0.53959
CAL851,Everolimus,0.57615
CAL851,INK128/MLN0128,0.62575
CAL851,PF-4708671,-0.023243
CAL851,Buparlisib/NVP-BKM120,0.44201
CAL851,Pictilisib/GDC0941,0.3599
CAL851,Ceritinib/LDK378,0.37246
CAL851,Neratinib/HKI272,0.53788
CAL851,Tivantinib/ARQ197,0.51881
CAL851,Cediranib/AZD2171,0.18688
CAL851,Cabozantinib,0.12294000000000001
HCC1143,Abemaciclib/LY2835219,0.54074
HCC1143,Palbociclib/PD0332991,0.25461
HCC1143,AZD7762,0.65632
HCC1143,Volasertib/BI6727,0.7289899999999999
HCC1143,Dinaciclib/SCH727965,0.54511
HCC1143,Cisplatin,0.30414
HCC1143,Doxorubicin,0.7179800000000001
HCC1143,Paclitaxel,0.83875
HCC1143,Topotecan,0.904
HCC1143,Etoposide,0.38369000000000003
HCC1143,Dasatinib,0.44686000000000003
HCC1143,Trametinib/GSK1120212,0.53793
HCC1143,Saracatinib/AZD0530,0.2375
HCC1143,ABT-737,0.10268
HCC1143,Vorinostat,0.29533000000000004
HCC1143,Luminespib/NVP-AUY922,0.70172
HCC1143,A-1210477,0.064045
HCC1143,Olaparib/AZD2281,0.092458
HCC1143,Bleomycin,0.65783
HCC1143,Ipatasertib/GDC0068,0.066186
HCC1143,Alpelisib/BYL719,0.17429
HCC1143,Taselisib/GDC0032,0.47583000000000003
HCC1143,TGX221,0.034725
HCC1143,Torin2,0.36424
HCC1143,Everolimus,0.3426
HCC1143,INK128/MLN0128,0.47428000000000003
HCC1143,PF-4708671,0.063941
HCC1143,Buparlisib/NVP-BKM120,0.39147
HCC1143,Pictilisib/GDC0941,0.32006999999999997
HCC1143,Ceritinib/LDK378,0.2848
HCC1143,Neratinib/HKI272,0.23793000000000003
HCC1143,Tivantinib/ARQ197,0.49766000000000005
HCC1143,Cediranib/AZD2171,0.16530999999999998
HCC1143,Cabozantinib,0.10250999999999999
PDXHCI002,Abemaciclib/LY2835219,0.7661899999999999
PDXHCI002,Palbociclib/PD0332991,0.2793
PDXHCI002,AZD7762,0.7078899999999999
PDXHCI002,Volasertib/BI6727,0.8479899999999999
PDXHCI002,Dinaciclib/SCH727965,0.6029899999999999
PDXHCI002,Cisplatin,0.20444
PDXHCI002,Doxorubicin,0.9684799999999999
PDXHCI002,Paclitaxel,0.9206799999999999
PDXHCI002,Topotecan,1.0199
PDXHCI002,Etoposide,0.49023999999999995
PDXHCI002,Dasatinib,0.37573
PDXHCI002,Trametinib/GSK1120212,0.1995
PDXHCI002,Saracatinib/AZD0530,0.51199
PDXHCI002,ABT-737,0.069441
PDXHCI002,Vorinostat,0.54488
PDXHCI002,Luminespib/NVP-AUY922,0.7098899999999999
PDXHCI002,A-1210477,-0.03801
PDXHCI002,Olaparib/AZD2281,0.16788
PDXHCI002,Bleomycin,0.27151
PDXHCI002,Ipatasertib/GDC0068,-0.048769
PDXHCI002,Alpelisib/BYL719,0.06302100000000001
PDXHCI002,Taselisib/GDC0032,0.37395
PDXHCI002,TGX221,-0.020441
PDXHCI002,Torin2,0.20355
PDXHCI002,Everolimus,-0.045328
PDXHCI002,INK128/MLN0128,0.23659000000000002
PDXHCI002,PF-4708671,-0.026753
PDXHCI002,Buparlisib/NVP-BKM120,0.24470999999999998
PDXHCI002,Pictilisib/GDC0941,0.21222
PDXHCI002,Ceritinib/LDK378,0.5101100000000001
PDXHCI002,Neratinib/HKI272,0.36723
PDXHCI002,Tivantinib/ARQ197,0.53469
PDXHCI002,Cediranib/AZD2171,0.25919000000000003
PDXHCI002,Cabozantinib,0.044254
SUM149,Abemaciclib/LY2835219,0.34109
SUM149,Palbociclib/PD0332991,0.19044
SUM149,AZD7762,0.66685
SUM149,Volasertib/BI6727,0.57265
SUM149,Dinaciclib/SCH727965,0.68913
SUM149,Cisplatin,0.35474
SUM149,Doxorubicin,0.7479399999999999
SUM149,Paclitaxel,0.84054
SUM149,Topotecan,0.94079
SUM149,Etoposide,0.52689
SUM149,Dasatinib,0.5341
SUM149,Trametinib/GSK1120212,0.39445
SUM149,Saracatinib/AZD0530,0.13779
SUM149,ABT-737,0.1507
SUM149,Vorinostat,0.22787
SUM149,Luminespib/NVP-AUY922,0.75548
SUM149,A-1210477,0.040137
SUM149,Olaparib/AZD2281,0.18417999999999998
SUM149,Bleomycin,0.68291
SUM149,Ipatasertib/GDC0068,0.12608
SUM149,Alpelisib/BYL719,0.038669
SUM149,Taselisib/GDC0032,0.20993
SUM149,TGX221,-0.021581
SUM149,Torin2,0.25792
SUM149,Everolimus,0.20027999999999999
SUM149,INK128/MLN0128,0.31990999999999997
SUM149,PF-4708671,0.02405
SUM149,Buparlisib/NVP-BKM120,0.25387
SUM149,Pictilisib/GDC0941,0.12135
SUM149,Ceritinib/LDK378,0.2518
SUM149,Neratinib/HKI272,0.36225999999999997
SUM149,Tivantinib/ARQ197,0.45021000000000005
SUM149,Cediranib/AZD2171,0.055245
SUM149,Cabozantinib,0.038326
T47D,Abemaciclib/LY2835219,0.76637
T47D,Palbociclib/PD0332991,0.45005
T47D,AZD7762,0.13218
T47D,Volasertib/BI6727,0.39594
T47D,Dinaciclib/SCH727965,0.48146000000000005
T47D,Cisplatin,0.21470999999999998
T47D,Doxorubicin,0.91886
T47D,Paclitaxel,0.66363
T47D,Topotecan,0.95941
T47D,Etoposide,0.6661100000000001
T47D,Dasatinib,0.19334
T47D,Trametinib/GSK1120212,0.21300999999999998
T47D,Saracatinib/AZD0530,0.17217000000000002
T47D,ABT-737,0.0010329
T47D,Vorinostat,0.17498
T47D,Luminespib/NVP-AUY922,0.51649
T47D,A-1210477,0.022713999999999998
T47D,Olaparib/AZD2281,0.030162
T47D,Bleomycin,0.46148999999999996
T47D,Ipatasertib/GDC0068,0.43033999999999994
T47D,Alpelisib/BYL719,0.45682
T47D,Taselisib/GDC0032,0.89899
T47D,TGX221,-0.006587899999999999
T47D,Torin2,0.52388
T47D,Everolimus,0.61568
T47D,INK128/MLN0128,0.68848
T47D,PF-4708671,0.12752
T47D,Buparlisib/NVP-BKM120,0.48213
T47D,Pictilisib/GDC0941,0.47723999999999994
T47D,Ceritinib/LDK378,0.31231
T47D,Neratinib/HKI272,0.27407
T47D,Tivantinib/ARQ197,0.38244
T47D,Cediranib/AZD2171,0.12458
T47D,Cabozantinib,0.057788
CAMA1,Abemaciclib/LY2835219,0.613
CAMA1,Palbociclib/PD0332991,0.35295
CAMA1,AZD7762,0.41853
CAMA1,Volasertib/BI6727,0.67401
CAMA1,Dinaciclib/SCH727965,0.6062
CAMA1,Cisplatin,0.33495
CAMA1,Doxorubicin,0.8425600000000001
CAMA1,Paclitaxel,0.9525299999999999
CAMA1,Topotecan,1.0539
CAMA1,Etoposide,0.57219
CAMA1,Dasatinib,0.1521
CAMA1,Trametinib/GSK1120212,0.16877999999999999
CAMA1,Saracatinib/AZD0530,0.030567
CAMA1,ABT-737,0.00075313
CAMA1,Vorinostat,0.3827
CAMA1,Luminespib/NVP-AUY922,0.53592
CAMA1,A-1210477,0.00262
CAMA1,Olaparib/AZD2281,0.052702
CAMA1,Bleomycin,0.27405999999999997
CAMA1,Ipatasertib/GDC0068,0.41158
CAMA1,Alpelisib/BYL719,0.010589
CAMA1,Taselisib/GDC0032,0.24536
CAMA1,TGX221,0.0066576000000000005
CAMA1,Torin2,0.5071399999999999
CAMA1,Everolimus,0.76659
CAMA1,INK128/MLN0128,0.6396
CAMA1,PF-4708671,0.058189
CAMA1,Buparlisib/NVP-BKM120,0.35347
CAMA1,Pictilisib/GDC0941,0.26199
CAMA1,Ceritinib/LDK378,0.23656999999999997
CAMA1,Neratinib/HKI272,0.07033500000000001
CAMA1,Tivantinib/ARQ197,0.52589
CAMA1,Cediranib/AZD2171,0.10887999999999999
CAMA1,Cabozantinib,0.034155
HCC1428,Abemaciclib/LY2835219,0.63589
HCC1428,Palbociclib/PD0332991,0.32721999999999996
HCC1428,AZD7762,0.37606
HCC1428,Volasertib/BI6727,0.40626
HCC1428,Dinaciclib/SCH727965,0.66104
HCC1428,Cisplatin,0.26553000000000004
HCC1428,Doxorubicin,0.89549
HCC1428,Paclitaxel,0.50661
HCC1428,Topotecan,0.8344600000000001
HCC1428,Etoposide,0.40091
HCC1428,Dasatinib,0.25615
HCC1428,Trametinib/GSK1120212,0.076666
HCC1428,Saracatinib/AZD0530,0.069736
HCC1428,ABT-737,0.11938
HCC1428,Vorinostat,0.33994
HCC1428,Luminespib/NVP-AUY922,0.6375
HCC1428,A-1210477,-0.020663
HCC1428,Olaparib/AZD2281,0.32286
HCC1428,Bleomycin,0.17799
HCC1428,Ipatasertib/GDC0068,-0.03827
HCC1428,Alpelisib/BYL719,0.02024
HCC1428,Taselisib/GDC0032,0.14382
HCC1428,TGX221,0.014252
HCC1428,Torin2,0.44632
HCC1428,Everolimus,0.5186
HCC1428,INK128/MLN0128,0.6483
HCC1428,PF-4708671,-0.0019012999999999999
HCC1428,Buparlisib/NVP-BKM120,0.35241
HCC1428,Pictilisib/GDC0941,0.11706
HCC1428,Ceritinib/LDK378,0.30141
HCC1428,Neratinib/HKI272,0.1042
HCC1428,Tivantinib/ARQ197,0.36641
HCC1428,Cediranib/AZD2171,0.19429000000000002
HCC1428,Cabozantinib,0.020416999999999998
HME1,Abemaciclib/LY2835219,0.4285
HME1,Palbociclib/PD0332991,0.26114
HME1,AZD7762,0.46383
HME1,Volasertib/BI6727,0.42626000000000003
HME1,Dinaciclib/SCH727965,0.5701
HME1,Cisplatin,0.29693
HME1,Doxorubicin,0.83588
HME1,Paclitaxel,0.67943
HME1,Topotecan,0.87269
HME1,Etoposide,0.54208
HME1,Dasatinib,0.41741000000000006
HME1,Trametinib/GSK1120212,0.43871000000000004
HME1,Saracatinib/AZD0530,0.002568
HME1,ABT-737,0.089642
HME1,Vorinostat,0.1529
HME1,Luminespib/NVP-AUY922,0.6544399999999999
HME1,A-1210477,0.3385
HME1,Olaparib/AZD2281,0.025817000000000003
HME1,Bleomycin,0.48013
HME1,Ipatasertib/GDC0068,0.036469999999999995
HME1,Alpelisib/BYL719,0.11234000000000001
HME1,Taselisib/GDC0032,0.4394
HME1,TGX221,-0.031791
HME1,Torin2,0.34681999999999996
HME1,Everolimus,0.37155
HME1,INK128/MLN0128,0.4005
HME1,PF-4708671,0.13577999999999998
HME1,Buparlisib/NVP-BKM120,0.24694000000000002
HME1,Pictilisib/GDC0941,0.14179
HME1,Ceritinib/LDK378,0.30358
HME1,Neratinib/HKI272,0.27726999999999996
HME1,Tivantinib/ARQ197,0.6591899999999999
HME1,Cediranib/AZD2171,0.021427
HME1,Cabozantinib,0.10203
SUM1315,Abemaciclib/LY2835219,0.58154
SUM1315,Palbociclib/PD0332991,0.3314
SUM1315,AZD7762,0.70075
SUM1315,Volasertib/BI6727,0.66581
SUM1315,Dinaciclib/SCH727965,0.76962
SUM1315,Cisplatin,0.29605
SUM1315,Doxorubicin,0.5132399999999999
SUM1315,Paclitaxel,0.7931199999999999
SUM1315,Topotecan,0.7689699999999999
SUM1315,Etoposide,0.38333
SUM1315,Dasatinib,0.7397699999999999
SUM1315,Trametinib/GSK1120212,0.38866999999999996
SUM1315,Saracatinib/AZD0530,0.24391999999999997
SUM1315,ABT-737,0.098695
SUM1315,Vorinostat,0.17415
SUM1315,Luminespib/NVP-AUY922,0.61122
SUM1315,A-1210477,-0.023428
SUM1315,Olaparib/AZD2281,0.24516
SUM1315,Bleomycin,0.4103
SUM1315,Ipatasertib/GDC0068,0.1242
SUM1315,Alpelisib/BYL719,0.11689000000000001
SUM1315,Taselisib/GDC0032,0.39695
SUM1315,TGX221,0.13621
SUM1315,Torin2,0.48631
SUM1315,Everolimus,0.45385
SUM1315,INK128/MLN0128,0.6471100000000001
SUM1315,PF-4708671,0.09769
SUM1315,Buparlisib/NVP-BKM120,0.43883
SUM1315,Pictilisib/GDC0941,0.37066
SUM1315,Ceritinib/LDK378,0.41345
SUM1315,Neratinib/HKI272,0.36607
SUM1315,Tivantinib/ARQ197,0.47513999999999995
SUM1315,Cediranib/AZD2171,0.24304
SUM1315,Cabozantinib,0.10885
SUM159,Abemaciclib/LY2835219,0.45851000000000003
SUM159,Palbociclib/PD0332991,0.19899999999999998
SUM159,AZD7762,0.26969
SUM159,Volasertib/BI6727,0.38732
SUM159,Dinaciclib/SCH727965,0.45363000000000003
SUM159,Cisplatin,0.11485
SUM159,Doxorubicin,0.6068100000000001
SUM159,Paclitaxel,0.638
SUM159,Topotecan,0.79273
SUM159,Etoposide,0.37363
SUM159,Dasatinib,0.18498
SUM159,Trametinib/GSK1120212,0.46133
SUM159,Saracatinib/AZD0530,0.07242
SUM159,ABT-737,0.023918000000000002
SUM159,Vorinostat,0.18102000000000001
SUM159,Luminespib/NVP-AUY922,0.5743199999999999
SUM159,A-1210477,-1.3712e-05
SUM159,Olaparib/AZD2281,0.034967000000000005
SUM159,Bleomycin,0.4191
SUM159,Ipatasertib/GDC0068,0.11490999999999998
SUM159,Alpelisib/BYL719,0.14092000000000002
SUM159,Taselisib/GDC0032,0.58586
SUM159,TGX221,-0.0087731
SUM159,Torin2,0.41372
SUM159,Everolimus,0.31734
SUM159,INK128/MLN0128,0.48318
SUM159,PF-4708671,0.033664
SUM159,Buparlisib/NVP-BKM120,0.22526999999999997
SUM159,Pictilisib/GDC0941,0.23904
SUM159,Ceritinib/LDK378,0.25903000000000004
SUM159,Neratinib/HKI272,0.15849000000000002
SUM159,Tivantinib/ARQ197,0.39543
SUM159,Cediranib/AZD2171,0.049059
SUM159,Cabozantinib,0.087576
BT20,AZD1775,0.174781107
BT549,AZD1775,0.385219535
HCC1806,AZD1775,0.81037872
HCC1954,AZD1775,0.27588432
HCC70,AZD1775,1.021973829
MCF10A,AZD1775,0.080793315
MDAMB231,AZD1775,0.57795863
BT20,AZD2014,0.48638107799999997
BT549,AZD2014,0.481805594
HCC1806,AZD2014,0.346174553
HCC1954,AZD2014,0.555373364
HCC70,AZD2014,0.759983187
MCF10A,AZD2014,0.395327041
MDAMB231,AZD2014,0.394488055
BT20,AZD5363,0.299580984
BT549,AZD5363,0.200836916
HCC1806,AZD5363,0.073262911
HCC1954,AZD5363,0.218157113
HCC70,AZD5363,0.630615219
MCF10A,AZD5363,0.027051966
MDAMB231,AZD5363,-0.025348197000000003
BT20,AZD6738,-0.050220427000000005
BT549,AZD6738,0.062109594000000004
HCC1806,AZD6738,0.296544336
HCC1954,AZD6738,-0.027299824
HCC70,AZD6738,0.24734244100000002
MCF10A,AZD6738,0.032381672
MDAMB231,AZD6738,-0.023009537000000004
BT20,BJP-6-5-3,-0.018143698
BT549,BJP-6-5-3,-0.004830597
HCC1806,BJP-6-5-3,-0.007415319
HCC1954,BJP-6-5-3,-0.024526495
HCC70,BJP-6-5-3,-0.039333304
MCF10A,BJP-6-5-3,-0.010631884
MDAMB231,BJP-6-5-3,0.0032734120000000003
BT20,BMS-265246,0.840378576
BT549,BMS-265246,0.895247783
HCC1806,BMS-265246,0.44179526399999997
HCC1954,BMS-265246,0.803654428
HCC70,BMS-265246,0.873737566
MCF10A,BMS-265246,0.389263042
MDAMB231,BMS-265246,0.328000538
BT20,BSJ-01-175,0.754903288
BT549,BSJ-01-175,0.405586448
HCC1806,BSJ-01-175,0.672122908
HCC1954,BSJ-01-175,0.607436851
HCC70,BSJ-01-175,0.971029202
MCF10A,BSJ-01-175,0.289135307
MDAMB231,BSJ-01-175,0.978606955
BT20,BSJ-03-123,0.42285490600000003
BT549,BSJ-03-123,0.10427092
HCC1806,BSJ-03-123,0.21263601899999998
HCC1954,BSJ-03-123,0.328390839
HCC70,BSJ-03-123,0.159777866
MCF10A,BSJ-03-123,0.320552637
MDAMB231,BSJ-03-123,0.3486323
BT20,BSJ-03-124,0.534899714
BT549,BSJ-03-124,-0.0032918440000000004
HCC1806,BSJ-03-124,0.087436212
HCC1954,BSJ-03-124,0.223879222
HCC70,BSJ-03-124,-0.066789821
MCF10A,BSJ-03-124,0.165732511
MDAMB231,BSJ-03-124,0.293585492
BT20,BVD523,0.12854252800000002
BT549,BVD523,0.102279601
HCC1806,BVD523,0.029995712
HCC1954,BVD523,0.23727470399999998
HCC70,BVD523,0.29757232100000003
MCF10A,BVD523,0.303414215
MDAMB231,BVD523,0.216843802
BT20,CFI-400945,1.070904627
BT549,CFI-400945,0.781082895
HCC1806,CFI-400945,0.897408158
HCC1954,CFI-400945,0.902582262
HCC70,CFI-400945,1.038797885
MCF10A,CFI-400945,0.8085060690000001
MDAMB231,CFI-400945,0.7432165009999999
BT20,E17,1.117572173
BT549,E17,1.140511845
HCC1806,E17,1.199698537
HCC1954,E17,1.129494288
HCC70,E17,1.588337224
MCF10A,E17,0.960649777
MDAMB231,E17,1.239587867
BT20,FMF-03-145-1,1.196912227
BT549,FMF-03-145-1,0.9055102140000001
HCC1806,FMF-03-145-1,1.009356277
HCC1954,FMF-03-145-1,1.062742262
HCC70,FMF-03-145-1,1.227406225
MCF10A,FMF-03-145-1,0.992307527
MDAMB231,FMF-03-145-1,0.887634057
BT20,FMF-03-146-1,0.025698195
BT549,FMF-03-146-1,0.010961183999999999
HCC1806,FMF-03-146-1,0.020612148
HCC1954,FMF-03-146-1,0.028106397
HCC70,FMF-03-146-1,-0.018876827
MCF10A,FMF-03-146-1,-0.001544431
MDAMB231,FMF-03-146-1,0.024419261
BT20,FMF-04-107-2,0.52496665
BT549,FMF-04-107-2,0.861506287
HCC1806,FMF-04-107-2,0.7284629140000001
HCC1954,FMF-04-107-2,0.81981031
HCC70,FMF-04-107-2,1.380769029
MCF10A,FMF-04-107-2,0.8735448690000001
MDAMB231,FMF-04-107-2,0.857428752
BT20,FMF-04-112-1,-0.0058841019999999996
BT549,FMF-04-112-1,0.024583854
HCC1806,FMF-04-112-1,-0.006158681
HCC1954,FMF-04-112-1,-0.0057100269999999995
HCC70,FMF-04-112-1,-0.033097682
MCF10A,FMF-04-112-1,0.008713919
MDAMB231,FMF-04-112-1,0.033249197
BT20,Flavopiridol,0.322934169
BT549,Flavopiridol,0.242972981
HCC1806,Flavopiridol,0.256231351
HCC1954,Flavopiridol,0.297312803
HCC70,Flavopiridol,0.394431515
MCF10A,Flavopiridol,0.24446595100000001
MDAMB231,Flavopiridol,0.28726165600000003
BT20,GSK2334470,0.067403659
BT549,GSK2334470,0.07339474900000001
HCC1806,GSK2334470,0.015212515
HCC1954,GSK2334470,0.07150863
HCC70,GSK2334470,0.267781873
MCF10A,GSK2334470,-0.021768013
MDAMB231,GSK2334470,0.146891896
BT20,LEE011/Ribociclib,0.432779012
BT549,LEE011/Ribociclib,0.01153535
HCC1806,LEE011/Ribociclib,0.14181665
HCC1954,LEE011/Ribociclib,0.308069918
HCC70,LEE011/Ribociclib,-0.05367123
MCF10A,LEE011/Ribociclib,0.23474113600000002
MDAMB231,LEE011/Ribociclib,0.360162693
BT20,LY2606368,0.901881246
BT549,LY2606368,1.24964718
HCC1806,LY2606368,1.3160136009999999
HCC1954,LY2606368,1.076818885
HCC70,LY2606368,1.3949387309999999
MCF10A,LY2606368,0.293869297
MDAMB231,LY2606368,1.014645061
BT20,LY3023414,0.770631728
BT549,LY3023414,0.7574684890000001
HCC1806,LY3023414,0.427248089
HCC1954,LY3023414,0.7999497520000001
HCC70,LY3023414,0.7828042159999999
MCF10A,LY3023414,0.441810993
MDAMB231,LY3023414,0.5980653570000001
BT20,MFH-2-90,1.413123291
BT549,MFH-2-90,1.300038828
HCC1806,MFH-2-90,1.40207081
HCC1954,MFH-2-90,1.287824406
HCC70,MFH-2-90,1.726224865
MCF10A,MFH-2-90,1.344305465
MDAMB231,MFH-2-90,1.303594004
BT20,Pin1-3,-0.002323693
BT549,Pin1-3,0.037976723
HCC1806,Pin1-3,0.09235952300000001
HCC1954,Pin1-3,0.012144398
HCC70,Pin1-3,-0.003848363
MCF10A,Pin1-3,-0.005054602
MDAMB231,Pin1-3,-0.021982727999999997
BT20,R0-3306,0.098171887
BT549,R0-3306,0.11328429
HCC1806,R0-3306,0.082310915
HCC1954,R0-3306,0.060921164000000014
HCC70,R0-3306,0.07142728799999999
MCF10A,R0-3306,0.113539763
MDAMB231,R0-3306,0.00534398
BT20,Rucaparib,0.072410652
BT549,Rucaparib,0.038087143999999996
HCC1806,Rucaparib,0.117375405
HCC1954,Rucaparib,0.052479514000000005
HCC70,Rucaparib,-0.049508392000000005
MCF10A,Rucaparib,0.039125068
MDAMB231,Rucaparib,0.07901002900000001
BT20,SHP099,0.00569442
BT549,SHP099,0.031808141
HCC1806,SHP099,-0.016660751
HCC1954,SHP099,0.079591026
HCC70,SHP099,0.083729098
MCF10A,SHP099,0.077447372
MDAMB231,SHP099,-0.005786785
BT20,SY-1365,0.70282034
BT549,SY-1365,0.669097953
HCC1806,SY-1365,0.7064457
HCC1954,SY-1365,0.673116238
HCC70,SY-1365,0.888407108
MCF10A,SY-1365,0.659365468
MDAMB231,SY-1365,0.72049275
BT20,THZ-P1-2,0.12379198
BT549,THZ-P1-2,0.11777784599999999
HCC1806,THZ-P1-2,0.196048163
HCC1954,THZ-P1-2,0.10812749699999999
HCC70,THZ-P1-2,0.328529986
MCF10A,THZ-P1-2,0.118298709
MDAMB231,THZ-P1-2,0.158959401
BT20,THZ-P1-2R,0.00725496
BT549,THZ-P1-2R,0.003826013
HCC1806,THZ-P1-2R,0.002313396
HCC1954,THZ-P1-2R,0.00796761
HCC70,THZ-P1-2R,0.078338349
MCF10A,THZ-P1-2R,0.008809886999999999
MDAMB231,THZ-P1-2R,-0.005918263000000001
BT20,THZ1,0.10210864900000001
BT549,THZ1,0.36626412
HCC1806,THZ1,0.35596627299999994
HCC1954,THZ1,0.28655002399999996
HCC70,THZ1,0.682274624
MCF10A,THZ1,0.33982497
MDAMB231,THZ1,0.359466423
BT20,THZ531,0.040402965
BT549,THZ531,0.158720496
HCC1806,THZ531,0.125538704
HCC1954,THZ531,0.126705046
HCC70,THZ531,0.412216651
MCF10A,THZ531,0.134610113
MDAMB231,THZ531,0.204822605
BT20,YKL-5-124,0.696328025
BT549,YKL-5-124,0.8379500959999999
HCC1806,YKL-5-124,0.9847592209999999
HCC1954,YKL-5-124,0.954409414
HCC70,YKL-5-124,1.357142929
MCF10A,YKL-5-124,0.8763318040000001
MDAMB231,YKL-5-124,0.8708653340000001
BT20,ZZ1-33B,0.8146947379999999
BT549,ZZ1-33B,0.935636778
HCC1806,ZZ1-33B,0.209090644
HCC1954,ZZ1-33B,0.397629058
HCC70,ZZ1-33B,0.812088025
MCF10A,ZZ1-33B,1.088879784
MDAMB231,ZZ1-33B,0.82106495
BT20,senexin b,0.274088288
BT549,senexin b,0.177401052
HCC1806,senexin b,0.09969221699999999
HCC1954,senexin b,0.313335386
HCC70,senexin b,0.212106918
MCF10A,senexin b,-0.033754647
MDAMB231,senexin b,0.078287395
HS578T,AZD1775,0.6912154840000001
MCF7,AZD1775,0.680007905
T47D,AZD1775,0.130315516
HS578T,AZD2014,0.513561406
MCF7,AZD2014,0.822871336
T47D,AZD2014,1.064671268
HS578T,AZD5363,0.25823656300000003
MCF7,AZD5363,0.207492829
T47D,AZD5363,0.723030174
HS578T,AZD6738,0.060244850999999995
MCF7,AZD6738,0.180220806
T47D,AZD6738,-0.28505589600000003
HS578T,BJP-6-5-3,0.005615473
MCF7,BJP-6-5-3,-0.0018563879999999998
T47D,BJP-6-5-3,-0.038299135
HS578T,BMS-265246,0.590013747
MCF7,BMS-265246,0.6962534340000001
T47D,BMS-265246,0.762520625
HS578T,BSJ-01-175,0.9679509629999999
MCF7,BSJ-01-175,1.112587869
T47D,BSJ-01-175,0.597006561
HS578T,BSJ-03-123,0.279795053
MCF7,BSJ-03-123,0.307340728
T47D,BSJ-03-123,0.883652923
HS578T,BSJ-03-124,0.247971635
MCF7,BSJ-03-124,0.301927793
T47D,BSJ-03-124,0.911750875
HS578T,BVD523,0.293139376
MCF7,BVD523,0.188248251
T47D,BVD523,0.20539321100000002
HS578T,CFI-400945,0.71503751
MCF7,CFI-400945,0.882598914
T47D,CFI-400945,0.847070317
HS578T,E17,1.156278375
MCF7,E17,1.314337287
T47D,E17,1.1931474420000001
HS578T,FMF-03-145-1,0.8189998690000001
MCF7,FMF-03-145-1,0.937254282
T47D,FMF-03-145-1,1.021614188
HS578T,FMF-03-146-1,0.003357798
MCF7,FMF-03-146-1,0.040548738
T47D,FMF-03-146-1,0.06868223799999999
HS578T,FMF-04-107-2,0.90000041
MCF7,FMF-04-107-2,1.069349968
T47D,FMF-04-107-2,1.06007584
HS578T,FMF-04-112-1,0.016618823
MCF7,FMF-04-112-1,0.028174027
T47D,FMF-04-112-1,0.044898619
HS578T,Flavopiridol,0.243008715
MCF7,Flavopiridol,0.350468257
T47D,Flavopiridol,0.32712246300000003
HS578T,GSK2334470,0.174916983
MCF7,GSK2334470,0.246614214
T47D,GSK2334470,0.47185844200000004
HS578T,LEE011/Ribociclib,0.330891435
MCF7,LEE011/Ribociclib,0.44428444799999994
T47D,LEE011/Ribociclib,0.7507785440000001
HS578T,LY2606368,1.183504023
MCF7,LY2606368,0.772210194
T47D,LY2606368,0.20192732800000002
HS578T,LY3023414,0.6992237179999999
MCF7,LY3023414,0.8109581090000001
T47D,LY3023414,1.018838148
HS578T,MFH-2-90,1.116622051
MCF7,MFH-2-90,1.3154231509999998
T47D,MFH-2-90,1.32435862
HS578T,Pin1-3,-0.015243438
MCF7,Pin1-3,-0.006061235999999999
T47D,Pin1-3,-0.04479941
HS578T,R0-3306,0.11626261199999999
MCF7,R0-3306,0.098425405
T47D,R0-3306,0.14557204699999998
HS578T,Rucaparib,0.090893226
MCF7,Rucaparib,0.077776778
T47D,Rucaparib,0.055819997
HS578T,SHP099,0.13325451800000002
MCF7,SHP099,0.028975014
T47D,SHP099,-0.019937061000000002
HS578T,SY-1365,0.688222349
MCF7,SY-1365,0.738699077
T47D,SY-1365,0.68606611
HS578T,THZ-P1-2,0.132829322
MCF7,THZ-P1-2,0.275494639
T47D,THZ-P1-2,0.422802064
HS578T,THZ-P1-2R,-0.009763802
MCF7,THZ-P1-2R,0.059384732999999995
T47D,THZ-P1-2R,0.07186406599999999
HS578T,THZ1,0.485965039
MCF7,THZ1,0.49689256600000004
T47D,THZ1,0.510623897
HS578T,THZ531,0.34400991
MCF7,THZ531,0.330868047
T47D,THZ531,0.248020219
HS578T,YKL-5-124,0.70722899
MCF7,YKL-5-124,0.8042998690000001
T47D,YKL-5-124,1.013834648
HS578T,ZZ1-33B,0.834755728
MCF7,ZZ1-33B,0.863527607
T47D,ZZ1-33B,1.27448085
HS578T,senexin b,0.123662799
MCF7,senexin b,0.24611120399999997
T47D,senexin b,0.389084416
HCC1143,AZD1775,0.3581698907774253
HCC1395,AZD1775,0.8637292323547969
HCC1419,AZD1775,0.24325916894500074
HCC1500,AZD1775,1.3345089520011624
HCC1937,AZD1775,0.7137928048309046
HCC38,AZD1775,0.9266605340965188
HCC1143,AZD2014,0.4198067167587744
HCC1395,AZD2014,0.5811813750961227
HCC1419,AZD2014,0.9551487335185064
HCC1500,AZD2014,1.9972435565956328
HCC1937,AZD2014,0.5188601700763456
HCC38,AZD2014,0.4175632264682593
HCC1143,AZD5363,0.08482191193201846
HCC1395,AZD5363,0.4978538447783271
HCC1419,AZD5363,0.18669857227687253
HCC1500,AZD5363,-0.2928783976647333
HCC1937,AZD5363,0.3531547772826525
HCC38,AZD5363,0.0933297659454584
HCC1143,AZD6738,0.025821350703337003
HCC1395,AZD6738,0.20642851459535128
HCC1419,AZD6738,0.04458131173015269
HCC1500,AZD6738,0.2305565407391872
HCC1937,AZD6738,-0.0970539813812673
HCC38,AZD6738,0.2404251178375393
HCC1143,BJP-6-5-3,-0.011831735001579021
HCC1395,BJP-6-5-3,0.025112902952977717
HCC1419,BJP-6-5-3,-0.005468246157808878
HCC1500,BJP-6-5-3,0.4001871224412225
HCC1937,BJP-6-5-3,0.015116100772906288
HCC38,BJP-6-5-3,0.006570964629043924
HCC1143,BMS-265246,0.8354549455742322
HCC1395,BMS-265246,0.8020835747492825
HCC1419,BMS-265246,0.30434784458417785
HCC1500,BMS-265246,0.970567309487804
HCC1937,BMS-265246,0.9178601662167608
HCC38,BMS-265246,0.7662185942108424
HCC1143,BSJ-01-175,0.6729464999090444
HCC1395,BSJ-01-175,0.9768636685758652
HCC1419,BSJ-01-175,0.3836568900435064
HCC1500,BSJ-01-175,1.4449986721293628
HCC1937,BSJ-01-175,0.4571143530087898
HCC38,BSJ-01-175,0.5844175653601532
HCC1143,BSJ-03-123,0.26413803223939336
HCC1395,BSJ-03-123,0.3201906743813193
HCC1419,BSJ-03-123,0.4241375516086535
HCC1500,BSJ-03-123,0.07479088382945656
HCC1937,BSJ-03-123,0.03526426096324552
HCC38,BSJ-03-123,0.5655707983342425
HCC1143,BSJ-03-124,0.2532654916762265
HCC1395,BSJ-03-124,0.381567086620199
HCC1419,BSJ-03-124,0.3940371559943253
HCC1500,BSJ-03-124,0.7140246179809778
HCC1937,BSJ-03-124,0.02775096738133942
HCC38,BSJ-03-124,0.6038285480198335
HCC1143,BVD523,0.2697833281528841
HCC1395,BVD523,0.25711078750972355
HCC1419,BVD523,0.05332732047616661
HCC1500,BVD523,0.5137099277171223
HCC1937,BVD523,0.11882352573858335
HCC38,BVD523,0.2357437195917404
HCC1143,CFI-400945,0.5318671252154087
HCC1395,CFI-400945,0.7020059152182281
HCC1419,CFI-400945,0.43188181949335697
HCC1500,CFI-400945,1.1424784613827312
HCC1937,CFI-400945,0.6687396346490079
HCC38,CFI-400945,0.8097879177694685
HCC1143,E17,0.7750853028688527
HCC1395,E17,1.000698326779423
HCC1419,E17,0.7473563889363289
HCC1500,E17,1.5586984983431775
HCC1937,E17,0.7234667986373968
HCC38,E17,0.7802699000007652
HCC1143,FMF-03-145-1,0.38584410171292416
HCC1395,FMF-03-145-1,0.5203966258622611
HCC1419,FMF-03-145-1,0.2657576960281122
HCC1500,FMF-03-145-1,0.9415182978932672
HCC1937,FMF-03-145-1,0.4660204426458429
HCC38,FMF-03-145-1,0.5529314538940815
HCC1143,FMF-03-146-1,0.053691862111239316
HCC1395,FMF-03-146-1,0.16744712376924925
HCC1419,FMF-03-146-1,0.04025024574764993
HCC1500,FMF-03-146-1,0.4117312111481102
HCC1937,FMF-03-146-1,0.055323380816450184
HCC38,FMF-03-146-1,0.04683958350191399
HCC1143,FMF-04-107-2,0.9475355323098904
HCC1395,FMF-04-107-2,1.0883002497438188
HCC1419,FMF-04-107-2,0.9317744663844194
HCC1500,FMF-04-107-2,1.354643956013052
HCC1937,FMF-04-107-2,1.0174573852797286
HCC38,FMF-04-107-2,0.9097728780861348
HCC1143,FMF-04-112-1,0.04711879197158484
HCC1395,FMF-04-112-1,0.026604503271917528
HCC1419,FMF-04-112-1,-0.010775148153225668
HCC1500,FMF-04-112-1,-0.2258655630390708
HCC1937,FMF-04-112-1,0.029428085063137755
HCC38,FMF-04-112-1,0.0753864496781294
HCC1143,Flavopiridol,0.23189321783660624
HCC1395,Flavopiridol,0.33754183676100435
HCC1419,Flavopiridol,0.22955263809546744
HCC1500,Flavopiridol,
HCC1937,Flavopiridol,0.2386644012193383
HCC38,Flavopiridol,0.28524743685411874
HCC1143,GSK2334470,0.08981012421882176
HCC1395,GSK2334470,0.18644032591777845
HCC1419,GSK2334470,0.2501609811090273
HCC1500,GSK2334470,1.3315712429616746
HCC1937,GSK2334470,0.14456660656995146
HCC38,GSK2334470,0.05523953520939756
HCC1143,LEE011/Ribociclib,0.2690369152531188
HCC1395,LEE011/Ribociclib,0.32659790216945944
HCC1419,LEE011/Ribociclib,0.2990038828134184
HCC1500,LEE011/Ribociclib,0.6801708702973828
HCC1937,LEE011/Ribociclib,0.014230742745805715
HCC38,LEE011/Ribociclib,0.4182524889250291
HCC1143,LY2606368,0.5928834100996062
HCC1395,LY2606368,0.8212921597491532
HCC1419,LY2606368,0.4178972444311886
HCC1500,LY2606368,0.5137168835269134
HCC1937,LY2606368,0.5487800800339137
HCC38,LY2606368,0.8052215025722501
HCC1143,LY3023414,0.4477171480487988
HCC1395,LY3023414,0.6116784961734708
HCC1419,LY3023414,0.9837050897201828
HCC1500,LY3023414,1.9880697282179365
HCC1937,LY3023414,0.4805396898900926
HCC38,LY3023414,0.6663897946387491
HCC1143,MFH-2-90,0.7147226482951377
HCC1395,MFH-2-90,0.8533563979418607
HCC1419,MFH-2-90,0.6971381477631218
HCC1500,MFH-2-90,1.3366591079347026
HCC1937,MFH-2-90,0.7006130598094031
HCC38,MFH-2-90,0.7722921806018297
HCC1143,Pin1-3,0.01108971459497346
HCC1395,Pin1-3,0.01257266343105703
HCC1419,Pin1-3,0.008576577951849141
HCC1500,Pin1-3,-0.2848539119234134
HCC1937,Pin1-3,0.04389771158970085
HCC38,Pin1-3,-0.03694534299454608
HCC1143,R0-3306,0.2590553395013153
HCC1395,R0-3306,0.4105322666434821
HCC1419,R0-3306,-0.026672866896710886
HCC1500,R0-3306,0.6662084228736108
HCC1937,R0-3306,0.13932077513336635
HCC38,R0-3306,0.06539151538222802
HCC1143,Rucaparib,0.07105021735638277
HCC1395,Rucaparib,0.3888272606648071
HCC1419,Rucaparib,0.05525915240486064
HCC1500,Rucaparib,0.505081332606106
HCC1937,Rucaparib,0.0976541039964552
HCC38,Rucaparib,0.13930462774076285
HCC1143,SHP099,0.06788035425932926
HCC1395,SHP099,0.07751385938196459
HCC1419,SHP099,0.04506496214023052
HCC1500,SHP099,0.5100258668657613
HCC1937,SHP099,0.06585928867214255
HCC38,SHP099,0.17142307116447925
HCC1143,SY-1365,0.6107343717381114
HCC1395,SY-1365,0.7940237675645899
HCC1419,SY-1365,0.4808842256594464
HCC1500,SY-1365,0.9591368943191114
HCC1937,SY-1365,0.4830092792460528
HCC38,SY-1365,0.6892853927753126
HCC1143,THZ-P1-2,0.20908213058782613
HCC1395,THZ-P1-2,0.39342206207582464
HCC1419,THZ-P1-2,0.007168300484064138
HCC1500,THZ-P1-2,1.2037486299322449
HCC1937,THZ-P1-2,0.27539308222315223
HCC38,THZ-P1-2,0.16968835059550405
HCC1143,THZ-P1-2R,0.046029101034560434
HCC1395,THZ-P1-2R,0.07758945397731458
HCC1419,THZ-P1-2R,-0.11864382636329647
HCC1500,THZ-P1-2R,-0.24428760522618384
HCC1937,THZ-P1-2R,0.057147718604290076
HCC38,THZ-P1-2R,0.03246281548553296
HCC1143,THZ1,0.4832604214995766
HCC1395,THZ1,0.6013859566886081
HCC1419,THZ1,0.3692764438419395
HCC1500,THZ1,0.8623171425914519
HCC1937,THZ1,0.345789008261545
HCC38,THZ1,0.5128216267283894
HCC1143,THZ531,0.2652707976953333
HCC1395,THZ531,0.3583689190375313
HCC1419,THZ531,0.20995874987136606
HCC1500,THZ531,0.8527067857667718
HCC1937,THZ531,0.17318785760571073
HCC38,THZ531,0.2166450959703897
HCC1143,YKL-5-124,0.7883498329745068
HCC1395,YKL-5-124,0.8593627624411551
HCC1419,YKL-5-124,1.0248083837869193
HCC1500,YKL-5-124,1.5741923127510922
HCC1937,YKL-5-124,0.8632137062882769
HCC38,YKL-5-124,0.9227813194142126
HCC1143,ZZ1-33B,0.6630110298300491
HCC1395,ZZ1-33B,0.8829629711728599
HCC1419,ZZ1-33B,1.059528259561394
HCC1500,ZZ1-33B,0.6680371043328459
HCC1937,ZZ1-33B,0.7549446458118307
HCC38,ZZ1-33B,1.2484012230500885
HCC1143,senexin b,0.2198398963505049
HCC1395,senexin b,0.2572684160122799
HCC1419,senexin b,0.13249521163848674
HCC1500,senexin b,1.3402737511412934
HCC1937,senexin b,0.2864727326632235
HCC38,senexin b,0.15034753472371531
MDAMB134,AZD1775,0.590626856
MDAMB157,AZD1775,1.013735078
MDAMB361,AZD1775,0.883146935
MDAMB436,AZD1775,0.48656569
MDAMB453,AZD1775,0.554800663
MDAMB468,AZD1775,0.46724130799999997
MDAMB134,AZD2014,1.272093342
MDAMB157,AZD2014,0.466259549
MDAMB361,AZD2014,1.167541042
MDAMB436,AZD2014,0.367065979
MDAMB453,AZD2014,0.7123976959999999
MDAMB468,AZD2014,0.398073795
MDAMB134,AZD5363,0.17646053899999994
MDAMB157,AZD5363,0.03139228
MDAMB361,AZD5363,0.34909418299999995
MDAMB436,AZD5363,0.107385501
MDAMB453,AZD5363,0.208211197
MDAMB468,AZD5363,0.135097592
MDAMB134,AZD6738,0.12818859
MDAMB157,AZD6738,-0.24075129
MDAMB361,AZD6738,0.16166013199999998
MDAMB436,AZD6738,0.041134718
MDAMB453,AZD6738,0.095322688
MDAMB468,AZD6738,0.035944467
MDAMB134,BJP-6-5-3,0.08432529300000001
MDAMB157,BJP-6-5-3,0.046793432
MDAMB361,BJP-6-5-3,0.002621137
MDAMB436,BJP-6-5-3,-0.030905409
MDAMB453,BJP-6-5-3,-0.005782171
MDAMB468,BJP-6-5-3,0.030885002
MDAMB134,BMS-265246,0.559416104
MDAMB157,BMS-265246,0.9077595620000001
MDAMB361,BMS-265246,0.55691194
MDAMB436,BMS-265246,0.354827523
MDAMB453,BMS-265246,0.404343009
MDAMB468,BMS-265246,0.515135081
MDAMB134,BSJ-01-175,1.261153165
MDAMB157,BSJ-01-175,1.1987096190000002
MDAMB361,BSJ-01-175,1.299983341
MDAMB436,BSJ-01-175,0.814827337
MDAMB453,BSJ-01-175,1.03123113
MDAMB468,BSJ-01-175,0.886092186
MDAMB134,BSJ-03-123,0.669422824
MDAMB157,BSJ-03-123,0.138020983
MDAMB361,BSJ-03-123,0.434662466
MDAMB436,BSJ-03-123,0.041468528
MDAMB453,BSJ-03-123,0.286333656
MDAMB468,BSJ-03-123,0.263537308
MDAMB134,BSJ-03-124,0.640524358
MDAMB157,BSJ-03-124,0.083157837
MDAMB361,BSJ-03-124,0.23961505
MDAMB436,BSJ-03-124,-0.0017141779999999998
MDAMB453,BSJ-03-124,0.40700865
MDAMB468,BSJ-03-124,0.02459106
MDAMB134,BVD523,0.247595307
MDAMB157,BVD523,0.17243366100000002
MDAMB361,BVD523,0.193205367
MDAMB436,BVD523,0.098015674
MDAMB453,BVD523,0.068941617
MDAMB468,BVD523,0.265838428
MDAMB134,CFI-400945,0.515523274
MDAMB157,CFI-400945,0.816888418
MDAMB361,CFI-400945,0.421497766
MDAMB436,CFI-400945,0.7519391809999999
MDAMB453,CFI-400945,0.539387343
MDAMB468,CFI-400945,0.8274827579999999
MDAMB134,E17,1.345669078
MDAMB157,E17,1.187285119
MDAMB361,E17,1.17041566
MDAMB436,E17,0.746316075
MDAMB453,E17,0.885229193
MDAMB468,E17,0.96997096
MDAMB134,FMF-03-145-1,0.417347915
MDAMB157,FMF-03-145-1,0.5708098979999999
MDAMB361,FMF-03-145-1,0.32424511
MDAMB436,FMF-03-145-1,0.450491863
MDAMB453,FMF-03-145-1,0.431279142
MDAMB468,FMF-03-145-1,0.568089932
MDAMB134,FMF-03-146-1,0.058204155999999986
MDAMB157,FMF-03-146-1,0.070680365
MDAMB361,FMF-03-146-1,0.129111791
MDAMB436,FMF-03-146-1,-0.002975309
MDAMB453,FMF-03-146-1,0.037434207000000004
MDAMB468,FMF-03-146-1,0.047274786
MDAMB134,FMF-04-107-2,1.121451808
MDAMB157,FMF-04-107-2,1.35985353
MDAMB361,FMF-04-107-2,1.325547419
MDAMB436,FMF-04-107-2,0.655535599
MDAMB453,FMF-04-107-2,1.0599762529999999
MDAMB468,FMF-04-107-2,1.011776567
MDAMB134,FMF-04-112-1,0.09650284599999999
MDAMB157,FMF-04-112-1,0.064711872
MDAMB361,FMF-04-112-1,0.127594621
MDAMB436,FMF-04-112-1,-0.030917432
MDAMB453,FMF-04-112-1,0.09941385300000001
MDAMB468,FMF-04-112-1,0.070266701
MDAMB134,Flavopiridol,0.351134413
MDAMB157,Flavopiridol,0.277103063
MDAMB361,Flavopiridol,0.39535474200000004
MDAMB436,Flavopiridol,0.222611228
MDAMB453,Flavopiridol,0.28360934600000004
MDAMB468,Flavopiridol,0.271682897
MDAMB134,GSK2334470,0.419401834
MDAMB157,GSK2334470,0.174509262
MDAMB361,GSK2334470,0.612766955
MDAMB436,GSK2334470,0.001234165
MDAMB453,GSK2334470,0.25462663399999996
MDAMB468,GSK2334470,0.081245369
MDAMB134,LEE011/Ribociclib,0.7159223109999999
MDAMB157,LEE011/Ribociclib,0.070893
MDAMB361,LEE011/Ribociclib,0.7833857879999999
MDAMB436,LEE011/Ribociclib,-0.012959778
MDAMB453,LEE011/Ribociclib,0.5646016970000001
MDAMB468,LEE011/Ribociclib,0.016508346
MDAMB134,LY2606368,0.38767293399999997
MDAMB157,LY2606368,0.9337480109999999
MDAMB361,LY2606368,0.817602378
MDAMB436,LY2606368,0.5376351220000001
MDAMB453,LY2606368,0.695862843
MDAMB468,LY2606368,0.22840608899999998
MDAMB134,LY3023414,1.408212121
MDAMB157,LY3023414,0.548516329
MDAMB361,LY3023414,1.429852785
MDAMB436,LY3023414,0.37578435600000004
MDAMB453,LY3023414,0.837776502
MDAMB468,LY3023414,0.6635166379999999
MDAMB134,MFH-2-90,0.844554747
MDAMB157,MFH-2-90,0.946107647
MDAMB361,MFH-2-90,0.8967235920000001
MDAMB436,MFH-2-90,0.569918436
MDAMB453,MFH-2-90,0.717878172
MDAMB468,MFH-2-90,0.679676273
MDAMB134,Pin1-3,0.044718747
MDAMB157,Pin1-3,-0.123384791
MDAMB361,Pin1-3,0.020692216
MDAMB436,Pin1-3,0.018432127
MDAMB453,Pin1-3,-0.001446402
MDAMB468,Pin1-3,0.028990246
MDAMB134,R0-3306,0.089751715
MDAMB157,R0-3306,0.08660226300000001
MDAMB361,R0-3306,0.09725425800000001
MDAMB436,R0-3306,0.062201543
MDAMB453,R0-3306,0.118783477
MDAMB468,R0-3306,0.183819111
MDAMB134,Rucaparib,0.18215789899999998
MDAMB157,Rucaparib,0.314723777
MDAMB361,Rucaparib,0.33895161700000004
MDAMB436,Rucaparib,0.398987218
MDAMB453,Rucaparib,0.14069232
MDAMB468,Rucaparib,0.100370901
MDAMB134,SHP099,0.031763963
MDAMB157,SHP099,0.141439104
MDAMB361,SHP099,0.131092681
MDAMB436,SHP099,-0.003033705
MDAMB453,SHP099,0.044479871
MDAMB468,SHP099,0.134300463
MDAMB134,SY-1365,0.773358856
MDAMB157,SY-1365,0.874454993
MDAMB361,SY-1365,0.775352562
MDAMB436,SY-1365,0.540607786
MDAMB453,SY-1365,0.628603837
MDAMB468,SY-1365,0.737994466
MDAMB134,THZ-P1-2,0.724022451
MDAMB157,THZ-P1-2,0.09826248900000001
MDAMB361,THZ-P1-2,0.882748447
MDAMB436,THZ-P1-2,0.269702393
MDAMB453,THZ-P1-2,0.529506674
MDAMB468,THZ-P1-2,0.336988312
MDAMB134,THZ-P1-2R,-0.05176116
MDAMB157,THZ-P1-2R,-0.07692123599999999
MDAMB361,THZ-P1-2R,0.030942946000000002
MDAMB436,THZ-P1-2R,-0.030853995
MDAMB453,THZ-P1-2R,0.007128724
MDAMB468,THZ-P1-2R,0.129724569
MDAMB134,THZ1,0.6712455009999999
MDAMB157,THZ1,0.568389044
MDAMB361,THZ1,0.7440058390000001
MDAMB436,THZ1,0.196817205
MDAMB453,THZ1,0.5254076320000001
MDAMB468,THZ1,0.47832597200000004
MDAMB134,THZ531,0.699779371
MDAMB157,THZ531,0.40683967600000004
MDAMB361,THZ531,0.6729083309999999
MDAMB436,THZ531,0.15697383199999998
MDAMB453,THZ531,0.516076222
MDAMB468,THZ531,0.40316153600000004
MDAMB134,YKL-5-124,0.920563085
MDAMB157,YKL-5-124,0.71762228
MDAMB361,YKL-5-124,1.131199593
MDAMB436,YKL-5-124,0.582245346
MDAMB453,YKL-5-124,0.8267329929999999
MDAMB468,YKL-5-124,1.105785647
MDAMB134,ZZ1-33B,1.406882965
MDAMB157,ZZ1-33B,1.7231843059999998
MDAMB361,ZZ1-33B,0.621634637
MDAMB436,ZZ1-33B,0.756374222
MDAMB453,ZZ1-33B,1.063555353
MDAMB468,ZZ1-33B,0.807985752
MDAMB134,senexin b,0.369974863
MDAMB157,senexin b,0.299279281
MDAMB361,senexin b,0.320655042
MDAMB436,senexin b,0.082719243
MDAMB453,senexin b,0.18157126
MDAMB468,senexin b,0.28056265199999997
CAL120,AZD1775,0.48341780100000004
CAL51,AZD1775,0.44778091
CAL851,AZD1775,0.48002112799999996
CAMA1,AZD1775,0.035852093
SKBR3,AZD1775,0.5175625660000001
CAL120,AZD2014,0.46301339799999996
CAL51,AZD2014,0.47996222299999997
CAL851,AZD2014,0.636026275
CAMA1,AZD2014,0.867028767
SKBR3,AZD2014,0.862193567
CAL120,AZD5363,0.039683348
CAL51,AZD5363,0.158616822
CAL851,AZD5363,0.091233323
CAMA1,AZD5363,0.5748396689999999
SKBR3,AZD5363,0.22615760399999998
CAL120,AZD6738,-0.16908068399999998
CAL51,AZD6738,0.100211106
CAL851,AZD6738,0.067049183
CAMA1,AZD6738,-0.049062407
SKBR3,AZD6738,0.33302928600000004
CAL120,BJP-6-5-3,0.0021730210000000002
CAL51,BJP-6-5-3,0.027189603
CAL851,BJP-6-5-3,0.093216102
CAMA1,BJP-6-5-3,0.014304091000000001
SKBR3,BJP-6-5-3,0.037711883
CAL120,BMS-265246,0.346652291
CAL51,BMS-265246,0.22082797899999998
CAL851,BMS-265246,0.670262155
CAMA1,BMS-265246,0.835597369
SKBR3,BMS-265246,0.5383389270000001
CAL120,BSJ-01-175,0.6636355039999999
CAL51,BSJ-01-175,0.418781988
CAL851,BSJ-01-175,0.822820138
CAMA1,BSJ-01-175,0.680000565
SKBR3,BSJ-01-175,1.029954833
CAL120,BSJ-03-123,0.159764245
CAL51,BSJ-03-123,0.185154409
CAL851,BSJ-03-123,0.40501390000000004
CAMA1,BSJ-03-123,0.659062204
SKBR3,BSJ-03-123,0.34165779700000004
CAL120,BSJ-03-124,0.130219043
CAL51,BSJ-03-124,0.26914803600000003
CAL851,BSJ-03-124,0.089576186
CAMA1,BSJ-03-124,0.707230991
SKBR3,BSJ-03-124,0.26562240000000004
CAL120,BVD523,0.107654866
CAL51,BVD523,0.057276459
CAL851,BVD523,0.179525392
CAMA1,BVD523,0.240023535
SKBR3,BVD523,0.125251532
CAL120,CFI-400945,0.572023785
CAL51,CFI-400945,0.5574310720000001
CAL851,CFI-400945,0.752325954
CAMA1,CFI-400945,0.588377833
SKBR3,CFI-400945,0.709431068
CAL120,E17,0.7308264520000001
CAL51,E17,0.557143821
CAL851,E17,0.8876733240000001
CAMA1,E17,0.88659638
SKBR3,E17,1.166459369
CAL120,FMF-03-145-1,0.381483305
CAL51,FMF-03-145-1,0.391645112
CAL851,FMF-03-145-1,0.5906900820000001
CAMA1,FMF-03-145-1,0.390611835
SKBR3,FMF-03-145-1,0.466190571
CAL120,FMF-03-146-1,-0.011224484
CAL51,FMF-03-146-1,0.040185139
CAL851,FMF-03-146-1,0.063890606
CAMA1,FMF-03-146-1,-0.020446257
SKBR3,FMF-03-146-1,0.046504622999999995
CAL120,FMF-04-107-2,0.69334184
CAL51,FMF-04-107-2,0.293620487
CAL851,FMF-04-107-2,1.064796166
CAMA1,FMF-04-107-2,1.0461773859999999
SKBR3,FMF-04-107-2,1.333416996
CAL120,FMF-04-112-1,-0.008667540999999999
CAL51,FMF-04-112-1,0.04441125
CAL851,FMF-04-112-1,0.066437528
CAMA1,FMF-04-112-1,-0.020340449
SKBR3,FMF-04-112-1,0.026293067000000003
CAL120,Flavopiridol,0.228939082
CAL51,Flavopiridol,0.23944005399999999
CAL851,Flavopiridol,0.28987464
CAMA1,Flavopiridol,0.248901583
SKBR3,Flavopiridol,0.34585763799999997
CAL120,GSK2334470,0.08860233199999999
CAL51,GSK2334470,0.04846197
CAL851,GSK2334470,0.1934237
CAMA1,GSK2334470,-0.018924607
SKBR3,GSK2334470,0.31234334399999997
CAL120,LEE011/Ribociclib,0.264939174
CAL51,LEE011/Ribociclib,0.300031963
CAL851,LEE011/Ribociclib,0.079822148
CAMA1,LEE011/Ribociclib,0.656609084
SKBR3,LEE011/Ribociclib,0.33621652799999996
CAL120,LY2606368,0.342789963
CAL51,LY2606368,0.511859733
CAL851,LY2606368,0.585711533
CAMA1,LY2606368,0.46193556799999996
SKBR3,LY2606368,0.799783582
CAL120,LY3023414,0.69642973
CAL51,LY3023414,0.6191736720000001
CAL851,LY3023414,0.772197417
CAMA1,LY3023414,0.9593341999999999
SKBR3,LY3023414,0.817295277
CAL120,MFH-2-90,0.630444165
CAL51,MFH-2-90,0.429574887
CAL851,MFH-2-90,0.658797325
CAMA1,MFH-2-90,0.739235968
SKBR3,MFH-2-90,0.89818789
CAL120,Pin1-3,0.013973386
CAL51,Pin1-3,0.022512652
CAL851,Pin1-3,0.018184567
CAMA1,Pin1-3,-0.028593377000000007
SKBR3,Pin1-3,0.025307884
CAL120,R0-3306,0.012459858999999998
CAL51,R0-3306,0.063432558
CAL851,R0-3306,0.156295085
CAMA1,R0-3306,0.08717305800000001
SKBR3,R0-3306,0.158990772
CAL120,Rucaparib,0.12563917
CAL51,Rucaparib,0.088208175
CAL851,Rucaparib,0.20706751399999998
CAMA1,Rucaparib,0.09942351199999999
SKBR3,Rucaparib,0.102446809
CAL120,SHP099,-0.000592273
CAL51,SHP099,0.03056403
CAL851,SHP099,0.109038895
CAMA1,SHP099,0.049520314
SKBR3,SHP099,0.026988066
CAL120,SY-1365,0.505724803
CAL51,SY-1365,0.526512532
CAL851,SY-1365,0.686567258
CAMA1,SY-1365,0.606559532
SKBR3,SY-1365,0.8647208740000001
CAL120,THZ-P1-2,0.12283777900000001
CAL51,THZ-P1-2,0.015270899
CAL851,THZ-P1-2,0.360306711
CAMA1,THZ-P1-2,0.308451882
SKBR3,THZ-P1-2,0.153158455
CAL120,THZ-P1-2R,0.004340658
CAL51,THZ-P1-2R,0.011246201
CAL851,THZ-P1-2R,0.10585503199999999
CAMA1,THZ-P1-2R,0.003060466
SKBR3,THZ-P1-2R,-0.043777933
CAL120,THZ1,0.335497375
CAL51,THZ1,0.157248967
CAL851,THZ1,0.627629951
CAMA1,THZ1,0.45631653899999997
SKBR3,THZ1,0.669743149
CAL120,THZ531,0.209803987
CAL51,THZ531,0.08761127699999999
CAL851,THZ531,0.343975081
CAMA1,THZ531,0.235772648
SKBR3,THZ531,0.537260065
CAL120,YKL-5-124,0.591695696
CAL51,YKL-5-124,0.645631202
CAL851,YKL-5-124,1.1948080540000001
CAMA1,YKL-5-124,0.9649846679999999
SKBR3,YKL-5-124,0.958161246
CAL120,ZZ1-33B,0.719272692
CAL51,ZZ1-33B,0.34065181
CAL851,ZZ1-33B,0.27059810100000004
CAMA1,ZZ1-33B,1.179429824
SKBR3,ZZ1-33B,1.33255098
CAL120,senexin b,0.131182369
CAL51,senexin b,0.118236668
CAL851,senexin b,0.21206894199999998
CAMA1,senexin b,0.34614106899999997
SKBR3,senexin b,0.170078478
HCC1428,AZD1775,0.158027459
SUM1315,AZD1775,0.978159801
SUM149,AZD1775,0.598300685
SUM159,AZD1775,0.250752492
HME1,AZD1775,0.43742311899999997
HCC1428,AZD2014,1.24929233
SUM1315,AZD2014,0.650288282
SUM149,AZD2014,0.3857337320000001
SUM159,AZD2014,0.479816164
HME1,AZD2014,0.599527367
HCC1428,AZD5363,-0.27490305800000003
SUM1315,AZD5363,0.140838872
SUM149,AZD5363,0.107953713
SUM159,AZD5363,0.176729888
HME1,AZD5363,0.18758691800000002
HCC1428,AZD6738,-0.33582657
SUM1315,AZD6738,0.053161136
SUM149,AZD6738,0.110122496
SUM159,AZD6738,0.009367732
HME1,AZD6738,-0.003808305
HCC1428,BJP-6-5-3,-0.019410989
SUM1315,BJP-6-5-3,-0.027402712000000003
SUM149,BJP-6-5-3,0.005007668
SUM159,BJP-6-5-3,0.007649181999999998
HME1,BJP-6-5-3,0.017508813999999998
HCC1428,BMS-265246,0.917353357
SUM1315,BMS-265246,0.795142551
SUM149,BMS-265246,0.631204612
SUM159,BMS-265246,0.46023263799999997
HME1,BMS-265246,0.858250197
HCC1428,BSJ-01-175,1.154361996
SUM1315,BSJ-01-175,0.47972695
SUM149,BSJ-01-175,0.7725029999999999
SUM159,BSJ-01-175,0.6059875229999999
HME1,BSJ-01-175,0.970243625
HCC1428,BSJ-03-123,0.552953748
SUM1315,BSJ-03-123,0.311468309
SUM149,BSJ-03-123,0.293010079
SUM159,BSJ-03-123,0.26191528399999997
HME1,BSJ-03-123,0.42150266799999997
HCC1428,BSJ-03-124,0.44876856
SUM1315,BSJ-03-124,0.324703454
SUM149,BSJ-03-124,0.115138227
SUM159,BSJ-03-124,0.19566740600000002
HME1,BSJ-03-124,0.267552855
HCC1428,BVD523,0.42054508399999996
SUM1315,BVD523,0.082269832
SUM149,BVD523,0.22940905
SUM159,BVD523,0.25258641800000003
HME1,BVD523,0.442652824
HCC1428,CFI-400945,0.848007313
SUM1315,CFI-400945,0.7295124590000001
SUM149,CFI-400945,0.668241189
SUM159,CFI-400945,0.622115812
HME1,CFI-400945,0.775691485
HCC1428,E17,1.315474671
SUM1315,E17,0.902281925
SUM149,E17,0.822259031
SUM159,E17,0.5580547029999999
HME1,E17,0.723740355
HCC1428,FMF-03-145-1,0.49855667200000003
SUM1315,FMF-03-145-1,0.4705119370000001
SUM149,FMF-03-145-1,0.464112378
SUM159,FMF-03-145-1,0.473567405
HME1,FMF-03-145-1,0.43711990100000003
HCC1428,FMF-03-146-1,0.099854005
SUM1315,FMF-03-146-1,0.040810876
SUM149,FMF-03-146-1,-0.003142693
SUM159,FMF-03-146-1,0.031773335
HME1,FMF-03-146-1,0.047795341
HCC1428,FMF-04-107-2,1.390711025
SUM1315,FMF-04-107-2,0.968771948
SUM149,FMF-04-107-2,0.9533389659999999
SUM159,FMF-04-107-2,0.354349453
HME1,FMF-04-107-2,0.965690657
HCC1428,FMF-04-112-1,0.184739895
SUM1315,FMF-04-112-1,0.10468477
SUM149,FMF-04-112-1,0.018469769
SUM159,FMF-04-112-1,0.034524278
HME1,FMF-04-112-1,0.060203669
HCC1428,Flavopiridol,0.47734521799999996
SUM1315,Flavopiridol,0.36005391
SUM149,Flavopiridol,0.24047381
SUM159,Flavopiridol,0.24825429999999996
HME1,Flavopiridol,0.31283108600000004
HCC1428,GSK2334470,0.42889209999999994
SUM1315,GSK2334470,0.290330547
SUM149,GSK2334470,0.043120675
SUM159,GSK2334470,0.106386824
HME1,GSK2334470,0.127445454
HCC1428,LEE011/Ribociclib,0.7291962129999999
SUM1315,LEE011/Ribociclib,0.34957681
SUM149,LEE011/Ribociclib,0.190435021
SUM159,LEE011/Ribociclib,0.242169675
HME1,LEE011/Ribociclib,0.363646808
HCC1428,LY2606368,0.6720569679999999
SUM1315,LY2606368,0.80184849
SUM149,LY2606368,0.7152554870000001
SUM159,LY2606368,0.515516093
HME1,LY2606368,0.585984715
HCC1428,LY3023414,1.217914615
SUM1315,LY3023414,0.656151612
SUM149,LY3023414,0.28463304899999997
SUM159,LY3023414,0.725487875
HME1,LY3023414,0.674168085
HCC1428,MFH-2-90,1.105512243
SUM1315,MFH-2-90,0.8404031890000001
SUM149,MFH-2-90,0.7787590940000001
SUM159,MFH-2-90,0.613974715
HME1,MFH-2-90,0.677212417
HCC1428,Pin1-3,-0.021552663
SUM1315,Pin1-3,-0.01238309
SUM149,Pin1-3,0.06990888099999999
SUM159,Pin1-3,0.00650621
HME1,Pin1-3,0.018731734
HCC1428,R0-3306,0.141084131
SUM1315,R0-3306,0.18604514800000002
SUM149,R0-3306,0.105063788
SUM159,R0-3306,0.063487115
HME1,R0-3306,0.05919892
HCC1428,Rucaparib,0.635438364
SUM1315,Rucaparib,0.309072026
SUM149,Rucaparib,0.198996337
SUM159,Rucaparib,0.093315077
HME1,Rucaparib,0.12115856400000001
HCC1428,SHP099,0.22893877
SUM1315,SHP099,0.11917962
SUM149,SHP099,-0.000277986
SUM159,SHP099,0.049563147
HME1,SHP099,0.077399395
HCC1428,SY-1365,0.6349494529999999
SUM1315,SY-1365,0.603642322
SUM149,SY-1365,0.673298387
SUM159,SY-1365,0.582336587
HME1,SY-1365,0.696731963
HCC1428,THZ-P1-2,0.19450409899999999
SUM1315,THZ-P1-2,0.003201077
SUM149,THZ-P1-2,0.105302908
SUM159,THZ-P1-2,0.113261986
HME1,THZ-P1-2,0.210077391
HCC1428,THZ-P1-2R,0.028941771
SUM1315,THZ-P1-2R,0.010540611
SUM149,THZ-P1-2R,0.004203697
SUM159,THZ-P1-2R,0.021170754
HME1,THZ-P1-2R,0.022716867999999998
HCC1428,THZ1,0.700528371
SUM1315,THZ1,0.222154927
SUM149,THZ1,0.410533775
SUM159,THZ1,0.158651925
HME1,THZ1,0.732950155
HCC1428,THZ531,0.604894759
SUM1315,THZ531,0.152313209
SUM149,THZ531,0.14733922800000002
SUM159,THZ531,0.040129185
HME1,THZ531,0.17912938
HCC1428,YKL-5-124,1.3157962220000001
SUM1315,YKL-5-124,0.645749198
SUM149,YKL-5-124,0.866698312
SUM159,YKL-5-124,0.8296505609999999
HME1,YKL-5-124,0.8921077559999999
HCC1428,ZZ1-33B,0.9473886359999999
SUM1315,ZZ1-33B,1.16643891
SUM149,ZZ1-33B,0.493304475
SUM159,ZZ1-33B,0.530238416
HME1,ZZ1-33B,0.8417901990000001
HCC1428,senexin b,0.7598921790000001
SUM1315,senexin b,0.172335632
SUM149,senexin b,0.128685645
SUM159,senexin b,0.083747115
HME1,senexin b,0.17544376
